system,variant,metric,seed,full_value,ablation_value,absolute_change,degradation_pct,evidence_tier,status
ac_power,with_router,nrmse,11.0,0.0026291763254307,0.0026625087713509,3.33324459201997e-05,1.2677904329881462,单 seed 探索性,ok
ac_power,with_router,q5_nrmse,11.0,0.002588141833557,0.0026246816876305,3.653985407350022e-05,1.4118180696179952,单 seed 探索性,ok
ac_power,with_router,gap_relative,11.0,11.539074598549702,11.694323986252282,0.15524938770258068,1.345423208565558,单 seed 探索性,ok
ac_power,with_router,residual_mean,11.0,0.0063733004951907,0.0065021583543429,0.0001288578591521995,2.0218387513570995,单 seed 探索性,ok
ac_power,no_router,nrmse,11.0,0.0026291763254307,0.0027768900780319,0.00014771375260119995,5.618252042376889,单 seed 探索性,ok
ac_power,no_router,q5_nrmse,11.0,0.002588141833557,0.0026096130519849,2.1471218427900236e-05,0.8295997595460746,单 seed 探索性,ok
ac_power,no_router,gap_relative,11.0,11.539074598549702,11.191860760951748,-0.34721383759795366,-3.0090267172862677,单 seed 探索性,ok
ac_power,no_router,residual_mean,11.0,0.0063733004951907,0.00618259980414,-0.00019070069105070041,-2.9921810715594437,单 seed 探索性,ok
ac_power,no_geom,nrmse,11.0,0.0026291763254307,0.0021153754739613,-0.0005138008514694002,-19.542274380750467,单 seed 探索性,ok
ac_power,no_geom,q5_nrmse,11.0,0.002588141833557,0.002034325571522,-0.000553816262035,-21.398219172318903,单 seed 探索性,ok
ac_power,no_geom,gap_relative,11.0,11.539074598549702,11.408229517344637,-0.13084508120506477,-1.1339304559267702,单 seed 探索性,ok
ac_power,no_geom,residual_mean,11.0,0.0063733004951907,0.0050280428581441,-0.0013452576370466002,-21.107707663583934,单 seed 探索性,ok
ac_power,no_gate,nrmse,11.0,0.0026291763254307,0.0025246583525542,-0.0001045179728765,-3.9753124149776573,单 seed 探索性,ok
ac_power,no_gate,q5_nrmse,11.0,0.002588141833557,0.0026572443828993,6.910254934230009e-05,2.6699676364849503,单 seed 探索性,ok
ac_power,no_gate,gap_relative,11.0,11.539074598549702,11.156777514328422,-0.38229708422128006,-3.313065367211764,单 seed 探索性,ok
ac_power,no_gate,residual_mean,11.0,0.0063733004951907,0.0051399100066687,-0.0012333904885220006,-19.352460933745686,单 seed 探索性,ok
ac_power,no_physics,nrmse,11.0,0.0026291763254307,0.0050829531750008,0.0024537768495700996,93.32872907138065,单 seed 探索性,ok
ac_power,no_physics,q5_nrmse,11.0,0.002588141833557,0.0050674254190893,0.0024792835855323003,95.79396126544229,单 seed 探索性,ok
ac_power,no_physics,gap_relative,11.0,11.539074598549702,10.828123082196356,-0.7109515163533455,-6.161252449504938,单 seed 探索性,ok
ac_power,no_physics,residual_mean,11.0,0.0063733004951907,0.0094417250386562,0.0030684245434654993,48.14498462422941,单 seed 探索性,ok
allen_cahn,with_router,nrmse,11.0,0.0118371526099475,0.0118365131988305,-6.394111170000133e-07,-0.005401730788388046,单 seed 探索性,ok
allen_cahn,with_router,q5_nrmse,11.0,0.0150320453843298,0.0150311018983731,-9.434859567000048e-07,-0.006276497526301674,单 seed 探索性,ok
allen_cahn,with_router,gap_relative,11.0,5.064644105874465,5.07006871930685,0.00542461343238454,0.10710749499836617,单 seed 探索性,ok
allen_cahn,with_router,residual_mean,11.0,0.0084363671783842,0.0084349108105362,-1.4563678480006975e-06,-0.017262973709018112,单 seed 探索性,ok
allen_cahn,no_router,nrmse,11.0,0.0118371526099475,0.0138629991605521,0.0020258465506045997,17.11430626400942,单 seed 探索性,ok
allen_cahn,no_router,q5_nrmse,11.0,0.0150320453843298,0.0161193298665337,0.001087284482203901,7.233110693886967,单 seed 探索性,ok
allen_cahn,no_router,gap_relative,11.0,5.064644105874465,5.034697244771687,-0.02994686110277822,-0.5912925069708836,单 seed 探索性,ok
allen_cahn,no_router,residual_mean,11.0,0.0084363671783842,0.0093740063731455,0.0009376391947612996,11.114253030187383,单 seed 探索性,ok
allen_cahn,no_geom,nrmse,11.0,0.0118371526099475,0.0118371526099475,0.0,0.0,单 seed 探索性,ok
allen_cahn,no_geom,q5_nrmse,11.0,0.0150320453843298,0.0150320453843298,0.0,0.0,单 seed 探索性,ok
allen_cahn,no_geom,gap_relative,11.0,5.064644105874465,5.064644105874465,0.0,0.0,单 seed 探索性,ok
allen_cahn,no_geom,residual_mean,11.0,0.0084363671783842,0.0084363671783842,0.0,0.0,单 seed 探索性,ok
allen_cahn,no_gate,nrmse,11.0,0.0118371526099475,0.0118371526099475,0.0,0.0,单 seed 探索性,ok
allen_cahn,no_gate,q5_nrmse,11.0,0.0150320453843298,0.0150320453843298,0.0,0.0,单 seed 探索性,ok
allen_cahn,no_gate,gap_relative,11.0,5.064644105874465,5.064644105874465,0.0,0.0,单 seed 探索性,ok
allen_cahn,no_gate,residual_mean,11.0,0.0084363671783842,0.0084363671783842,0.0,0.0,单 seed 探索性,ok
allen_cahn,no_physics,nrmse,,,,,,单 seed 探索性,missing_seed_matched_full
allen_cahn,no_physics,q5_nrmse,,,,,,单 seed 探索性,missing_seed_matched_full
allen_cahn,no_physics,gap_relative,,,,,,单 seed 探索性,missing_seed_matched_full
allen_cahn,no_physics,residual_mean,,,,,,单 seed 探索性,missing_seed_matched_full
controlled,with_router,nrmse,11.0,0.0062198885604059,0.0062669259921135,4.70374317076e-05,0.7562423546786248,单 seed 探索性,ok
controlled,with_router,q5_nrmse,11.0,0.0062158306789981,0.0062137991376411,-2.031541357000455e-06,-0.032683344542581864,单 seed 探索性,ok
controlled,with_router,gap_relative,11.0,0.191700022663922,0.185462103741539,-0.006237918922383012,-3.254000096452253,单 seed 探索性,ok
controlled,with_router,residual_mean,11.0,0.0112798983406316,0.0113538621191477,7.396377851610035e-05,0.655713165868469,单 seed 探索性,ok
controlled,no_router,nrmse,11.0,0.0062198885604059,0.0063131926831535,9.330412274760006e-05,1.5000931582849963,单 seed 探索性,ok
controlled,no_router,q5_nrmse,11.0,0.0062158306789981,0.0063997409059585,0.00018391022696039993,2.958739329592606,单 seed 探索性,ok
controlled,no_router,gap_relative,11.0,0.191700022663922,0.1838637906424982,-0.007836232021423806,-4.087757483034761,单 seed 探索性,ok
controlled,no_router,residual_mean,11.0,0.0112798983406316,0.0109928408275766,-0.0002870575130549998,-2.5448590438176457,单 seed 探索性,ok
controlled,no_geom,nrmse,11.0,0.0062198885604059,0.0070752069021011,0.0008553183416951998,13.751345114764936,单 seed 探索性,ok
controlled,no_geom,q5_nrmse,11.0,0.0062158306789981,0.007461298012393,0.0012454673333948995,20.03702156178505,单 seed 探索性,ok
controlled,no_geom,gap_relative,11.0,0.191700022663922,0.239585115621707,0.04788509295778501,24.979179601733556,单 seed 探索性,ok
controlled,no_geom,residual_mean,11.0,0.0112798983406316,0.0129932945517867,0.001713396211155101,15.189819619058396,单 seed 探索性,ok
controlled,no_gate,nrmse,11.0,0.0062198885604059,0.0068686230928085,0.0006487345324026001,10.430002500885074,单 seed 探索性,ok
controlled,no_gate,q5_nrmse,11.0,0.0062158306789981,0.0067837970877768,0.0005679664087786997,9.137417637480555,单 seed 探索性,ok
controlled,no_gate,gap_relative,11.0,0.191700022663922,0.1891450822079273,-0.002554940455994692,-1.33278046631944,单 seed 探索性,ok
controlled,no_gate,residual_mean,11.0,0.0112798983406316,0.0122667975425629,0.000986899201931301,8.74918525086673,单 seed 探索性,ok
controlled,no_physics,nrmse,,,,,,单 seed 探索性,missing_seed_matched_full
controlled,no_physics,q5_nrmse,,,,,,单 seed 探索性,missing_seed_matched_full
controlled,no_physics,gap_relative,,,,,,单 seed 探索性,missing_seed_matched_full
controlled,no_physics,residual_mean,,,,,,单 seed 探索性,missing_seed_matched_full
duffing,with_router,nrmse,11.0,0.0043962123700084,0.0044251669689602,2.895459895179992e-05,0.6586260288363776,单 seed 探索性,ok
duffing,with_router,q5_nrmse,11.0,0.0043965247981447,0.0044332926112016,3.6767813056899634e-05,0.8362926344101452,单 seed 探索性,ok
duffing,with_router,gap_relative,11.0,0.4138423620473999,0.4101101583736241,-0.0037322036737758024,-0.9018418644508728,单 seed 探索性,ok
duffing,with_router,residual_mean,11.0,0.0074832763198848,0.007576044006587,9.276768670219999e-05,1.2396667280038123,单 seed 探索性,ok
duffing,no_router,nrmse,11.0,0.0043962123700084,0.0046142246437548,0.00021801227374639975,4.95909331482053,单 seed 探索性,ok
duffing,no_router,q5_nrmse,11.0,0.0043965247981447,0.0048067969826606,0.0004102721845158997,9.331738210348123,单 seed 探索性,ok
duffing,no_router,gap_relative,11.0,0.4138423620473999,0.4303571370385561,0.016514774991156222,3.9905955759223812,单 seed 探索性,ok
duffing,no_router,residual_mean,11.0,0.0074832763198848,0.0079143294838413,0.0004310531639565001,5.7602197958545505,单 seed 探索性,ok
duffing,no_geom,nrmse,11.0,0.0043962123700084,0.0043962123700084,0.0,0.0,单 seed 探索性,ok
duffing,no_geom,q5_nrmse,11.0,0.0043965247981447,0.0043965247981447,0.0,0.0,单 seed 探索性,ok
duffing,no_geom,gap_relative,11.0,0.4138423620473999,0.4138423620473999,0.0,0.0,单 seed 探索性,ok
duffing,no_geom,residual_mean,11.0,0.0074832763198848,0.0074832763198848,0.0,0.0,单 seed 探索性,ok
duffing,no_gate,nrmse,11.0,0.0043962123700084,0.0055236821441669,0.0011274697741585002,25.646390102768077,单 seed 探索性,ok
duffing,no_gate,q5_nrmse,11.0,0.0043965247981447,0.0056157509770606,0.0012192261789158998,27.731588809197753,单 seed 探索性,ok
duffing,no_gate,gap_relative,11.0,0.4138423620473999,0.4696478258362631,0.0558054637888632,13.484715173375957,单 seed 探索性,ok
duffing,no_gate,residual_mean,11.0,0.0074832763198848,0.0093852069764463,0.001901930656561501,25.415748066226424,单 seed 探索性,ok
duffing,no_physics,nrmse,,,,,,单 seed 探索性,missing_seed_matched_full
duffing,no_physics,q5_nrmse,,,,,,单 seed 探索性,missing_seed_matched_full
duffing,no_physics,gap_relative,,,,,,单 seed 探索性,missing_seed_matched_full
duffing,no_physics,residual_mean,,,,,,单 seed 探索性,missing_seed_matched_full
ieee118,with_router,nrmse,11.0,0.0004834288372774,0.0004834288372774,0.0,0.0,单 seed 探索性,ok
ieee118,with_router,q5_nrmse,11.0,0.0006301566642148,0.0006301566642148,0.0,0.0,单 seed 探索性,ok
ieee118,with_router,gap_relative,11.0,0.626160446845456,0.626160446845456,0.0,0.0,单 seed 探索性,ok
ieee118,with_router,residual_mean,11.0,0.0006056004265113,0.0006056004265113,0.0,0.0,单 seed 探索性,ok
ieee118,no_router,nrmse,11.0,0.0004834288372774,0.0004834288372774,0.0,0.0,单 seed 探索性,ok
ieee118,no_router,q5_nrmse,11.0,0.0006301566642148,0.0006301566642148,0.0,0.0,单 seed 探索性,ok
ieee118,no_router,gap_relative,11.0,0.626160446845456,0.626160446845456,0.0,0.0,单 seed 探索性,ok
ieee118,no_router,residual_mean,11.0,0.0006056004265113,0.0006056004265113,0.0,0.0,单 seed 探索性,ok
ieee118,no_geom,nrmse,11.0,0.0004834288372774,0.002168015788441,0.0016845869511636002,348.46637628217337,单 seed 探索性,ok
ieee118,no_geom,q5_nrmse,11.0,0.0006301566642148,0.0022215517407707,0.0015913950765558999,252.53959323572982,单 seed 探索性,ok
ieee118,no_geom,gap_relative,11.0,0.626160446845456,571.5240441241725,570.8978836773271,91174.37656010737,单 seed 探索性,ok
ieee118,no_geom,residual_mean,11.0,0.0006056004265113,0.0059277708865326,0.0053221704600213,878.8254147509246,单 seed 探索性,ok
ieee118,no_gate,nrmse,11.0,0.0004834288372774,0.0004834288372774,0.0,0.0,单 seed 探索性,ok
ieee118,no_gate,q5_nrmse,11.0,0.0006301566642148,0.0006301566642148,0.0,0.0,单 seed 探索性,ok
ieee118,no_gate,gap_relative,11.0,0.626160446845456,0.626160446845456,0.0,0.0,单 seed 探索性,ok
ieee118,no_gate,residual_mean,11.0,0.0006056004265113,0.0006056004265113,0.0,0.0,单 seed 探索性,ok
ieee118,no_physics,nrmse,,,,,,单 seed 探索性,missing_seed_matched_full
ieee118,no_physics,q5_nrmse,,,,,,单 seed 探索性,missing_seed_matched_full
ieee118,no_physics,gap_relative,,,,,,单 seed 探索性,missing_seed_matched_full
ieee118,no_physics,residual_mean,,,,,,单 seed 探索性,missing_seed_matched_full
shallow_water,with_router,nrmse,11.0,0.005843310825236,0.005843310825236,0.0,0.0,单 seed 探索性,ok
shallow_water,with_router,q5_nrmse,11.0,0.0057460772709738,0.0057460772709738,0.0,0.0,单 seed 探索性,ok
shallow_water,with_router,gap_relative,11.0,7.186807255750491,7.186807255750491,0.0,0.0,单 seed 探索性,ok
shallow_water,with_router,residual_mean,11.0,0.00422101986125,0.00422101986125,0.0,0.0,单 seed 探索性,ok
shallow_water,no_router,nrmse,11.0,0.005843310825236,0.005843310825236,0.0,0.0,单 seed 探索性,ok
shallow_water,no_router,q5_nrmse,11.0,0.0057460772709738,0.0057460772709738,0.0,0.0,单 seed 探索性,ok
shallow_water,no_router,gap_relative,11.0,7.186807255750491,7.186807255750491,0.0,0.0,单 seed 探索性,ok
shallow_water,no_router,residual_mean,11.0,0.00422101986125,0.00422101986125,0.0,0.0,单 seed 探索性,ok
shallow_water,no_geom,nrmse,11.0,0.005843310825236,0.005843310825236,0.0,0.0,单 seed 探索性,ok
shallow_water,no_geom,q5_nrmse,11.0,0.0057460772709738,0.0057460772709738,0.0,0.0,单 seed 探索性,ok
shallow_water,no_geom,gap_relative,11.0,7.186807255750491,7.186807255750491,0.0,0.0,单 seed 探索性,ok
shallow_water,no_geom,residual_mean,11.0,0.00422101986125,0.00422101986125,0.0,0.0,单 seed 探索性,ok
shallow_water,no_gate,nrmse,11.0,0.005843310825236,0.005843310825236,0.0,0.0,单 seed 探索性,ok
shallow_water,no_gate,q5_nrmse,11.0,0.0057460772709738,0.0057460772709738,0.0,0.0,单 seed 探索性,ok
shallow_water,no_gate,gap_relative,11.0,7.186807255750491,7.186807255750491,0.0,0.0,单 seed 探索性,ok
shallow_water,no_gate,residual_mean,11.0,0.00422101986125,0.00422101986125,0.0,0.0,单 seed 探索性,ok
shallow_water,no_physics,nrmse,,,,,,单 seed 探索性,missing_seed_matched_full
shallow_water,no_physics,q5_nrmse,,,,,,单 seed 探索性,missing_seed_matched_full
shallow_water,no_physics,gap_relative,,,,,,单 seed 探索性,missing_seed_matched_full
shallow_water,no_physics,residual_mean,,,,,,单 seed 探索性,missing_seed_matched_full
