system,factor,level,ganr_nrmse,baseline_model,baseline_nrmse,relative_improvement_pct,ganr_wins,status
controlled,alpha,alpha_0.1,0.0094487177867797,silu,0.0214012259477871,55.849642399777096,True,ok
controlled,alpha,alpha_0.25,0.0080473900820971,silu,0.0212293716424324,62.09313107500409,True,ok
controlled,alpha,alpha_0.4,0.0083485269094266,silu,0.0221363459026088,62.28588518558199,True,ok
controlled,alpha,alpha_0.49,0.008849624942949,silu,0.0230508206590166,61.60820009899576,True,ok
controlled,condition,condition_1.0,0.0073364517119462,silu,0.016266390172527,54.89809580285953,True,ok
controlled,condition,condition_15.0,0.0134311892934443,silu,0.0343091825987313,60.852494066877114,True,ok
controlled,condition,condition_40.0,0.0164625782952583,silu,0.0350921884871629,53.08762717583006,True,ok
controlled,condition,condition_5.0,0.0083485269094266,silu,0.0221363459026088,62.28588518558199,True,ok
controlled,coupling,coupling_0.0,0.008141578068462,silu,0.0193932848700929,58.01857125804702,True,ok
controlled,coupling,coupling_0.33,0.0083124517686209,silu,0.0204006512143912,59.25398811408011,True,ok
controlled,coupling,coupling_0.66,0.0105110577772337,silu,0.0282348121393301,62.77270156654535,True,ok
controlled,coupling,coupling_1.0,0.0093803113235067,silu,0.0236891542920869,60.402506531691216,True,ok
controlled,interaction,interaction_0.0,0.0080307757735569,swiglu,0.0100085373215786,19.76074509666471,True,ok
controlled,interaction,interaction_0.5,0.0083485269094266,swiglu,0.0116006528537367,28.03399071857024,True,ok
controlled,interaction,interaction_1.0,0.0091168564958354,swiglu,0.0117584081082818,22.465214577693352,True,ok
controlled,localization,localization_0.5,0.0065144150541911,silu,0.0118570118850757,45.05854327100129,True,ok
controlled,localization,localization_1.0,0.0082109683555561,silu,0.0164427156908943,50.063185972964334,True,ok
controlled,localization,localization_1.5,0.0076962276695887,silu,0.0189667766027787,59.42258491903586,True,ok
controlled,localization,localization_2.0,0.0083485269094266,silu,0.0221363459026088,62.28588518558199,True,ok
controlled,rank,rank_1,0.0084309356878801,silu,0.0209951559884119,59.843424394972416,True,ok
controlled,rank,rank_2,0.0081547068701222,silu,0.0220366083556266,62.994727961210685,True,ok
controlled,rank,rank_4,0.0083485269094266,silu,0.0221363459026088,62.28588518558199,True,ok
controlled,rank,rank_8,0.0104069336737339,silu,0.0252558224715705,58.79392292431346,True,ok
