system,model,seed_count,three_seed_complete,error_kappa_spearman_mean,error_kappa_spearman_std,error_kappa_spearman_n,error_kappa_spearman_mean_std,gap_error_spearman_mean,gap_error_spearman_std,gap_error_spearman_n,gap_error_spearman_mean_std,q5_q1_ratio_mean,q5_q1_ratio_std,q5_q1_ratio_n,q5_q1_ratio_mean_std,curvature_tail_gap_ratio_mean,curvature_tail_gap_ratio_std,curvature_tail_gap_ratio_n,curvature_tail_gap_ratio_mean_std,curvature_tail_error_ratio_mean,curvature_tail_error_ratio_std,curvature_tail_error_ratio_n,curvature_tail_error_ratio_mean_std,curvature_tail_gap_error_spearman_mean,curvature_tail_gap_error_spearman_std,curvature_tail_gap_error_spearman_n,curvature_tail_gap_error_spearman_mean_std
ac_power,fourier,3,True,0.015207059282836203,0.049589960894421706,3,0.01521 ± 0.04959,0.3666137227904536,0.03650893444557304,3,0.3666 ± 0.03651,0.9854926848666796,0.042150619739253756,3,0.9855 ± 0.04215,0.8235378188878878,0.0036934024662471,3,0.8235 ± 0.003693,1.012218169759578,0.014951263481145666,3,1.012 ± 0.01495,0.40089379820126014,0.08082010399275338,3,0.4009 ± 0.08082
ac_power,ganr,3,True,0.022486872064468397,0.012001945083727462,3,0.02249 ± 0.012,-0.19007412217175687,0.022131359252481865,3,-0.1901 ± 0.02213,1.0424613688554327,0.004959002291705811,3,1.042 ± 0.004959,0.8192943198929808,0.002949540401562983,3,0.8193 ± 0.00295,1.0023486646846556,0.0038582610972157606,3,1.002 ± 0.003858,-0.2072325686135216,0.05075528015647145,3,-0.2072 ± 0.05076
ac_power,gelu,3,True,0.002093056350284907,0.0035301389578912164,3,0.002093 ± 0.00353,-0.07321223148081916,0.04384325652854228,3,-0.07321 ± 0.04384,1.0253715094917604,0.0007410931072163186,3,1.025 ± 0.0007411,0.7961254673494986,0.010017059819556922,3,0.7961 ± 0.01002,0.9871624933263824,0.0009729055763728406,3,0.9872 ± 0.0009729,-0.1174970864500192,0.06209869549220672,3,-0.1175 ± 0.0621
ac_power,relu,3,True,0.0048777656581551,0.006629368131049838,3,0.004878 ± 0.006629,0.0228702644064563,0.012413225010400647,3,0.02287 ± 0.01241,0.9937025569237233,0.0018520540103774455,3,0.9937 ± 0.001852,0.813751084707761,0.006640425003554694,3,0.8138 ± 0.00664,0.9889049498336724,0.004856751965465771,3,0.9889 ± 0.004857,-0.07196584530094297,0.03212657962830471,3,-0.07197 ± 0.03213
ac_power,resmlp,3,True,-0.03261751439453537,0.03736292138508446,3,-0.03262 ± 0.03736,-0.06717209590992533,0.029027854309756754,3,-0.06717 ± 0.02903,0.980997767883423,0.04160366335023936,3,0.981 ± 0.0416,0.8240510253758138,0.0005670859691164363,3,0.8241 ± 0.0005671,0.9785826644216605,0.017548240295828865,3,0.9786 ± 0.01755,-0.09705905568478868,0.03861491753444758,3,-0.09706 ± 0.03861
ac_power,silu,3,True,0.003496367093436267,0.0007532890049636886,3,0.003496 ± 0.0007533,-0.09783182309920603,0.012672133083181438,3,-0.09783 ± 0.01267,1.0066920120858514,0.0015522365214577464,3,1.007 ± 0.001552,0.8118366490143435,0.012654931258903932,3,0.8118 ± 0.01265,0.9707344206266315,0.000382388861620168,3,0.9707 ± 0.0003824,-0.21591192953619998,0.06435217315622178,3,-0.2159 ± 0.06435
ac_power,swiglu,3,True,-0.012665965566363832,0.021328571924370016,3,-0.01267 ± 0.02133,-0.056597439531030164,0.032574691960031314,3,-0.0566 ± 0.03257,1.0286874131260795,0.013911986397030111,3,1.029 ± 0.01391,0.8092920926387771,0.019243703585381914,3,0.8093 ± 0.01924,0.9846386885770381,0.0070754229300764235,3,0.9846 ± 0.007075,-0.0045558171172802335,0.046478995130503555,3,-0.004556 ± 0.04648
allen_cahn,fourier,3,True,0.3780461765074028,0.012214170571977625,3,0.378 ± 0.01221,-0.006705495404477465,0.023922712607729966,3,-0.006705 ± 0.02392,1.2095238244899462,0.012253062257374981,3,1.21 ± 0.01225,0.874088451043857,0.0024336595188995053,3,0.8741 ± 0.002434,1.1252719580283599,0.0013329966360072466,3,1.125 ± 0.001333,0.17614371346454746,0.06364374290854789,3,0.1761 ± 0.06364
allen_cahn,ganr,3,True,0.6842712319397753,0.001443222805538481,3,0.6843 ± 0.001443,-0.035147644571203736,0.014440435403276504,3,-0.03515 ± 0.01444,1.760138701430191,0.0020228687912087176,3,1.76 ± 0.002023,0.9169651136288962,0.003134437182273062,3,0.917 ± 0.003134,1.2901681338654505,0.00035669980437643935,3,1.29 ± 0.0003567,0.3781082122643042,0.006938533030612988,3,0.3781 ± 0.006939
allen_cahn,gelu,3,True,0.08466503275278352,0.005283782456237099,3,0.08467 ± 0.005284,0.012418147843501834,0.011983057708182785,3,0.01242 ± 0.01198,1.0142247650048641,0.005287137550515259,3,1.014 ± 0.005287,0.899992027997731,0.0019493821656547418,3,0.9 ± 0.001949,1.0987401472982015,0.0020663696308813088,3,1.099 ± 0.002066,0.23922079369280272,0.031277512073387984,3,0.2392 ± 0.03128
allen_cahn,relu,3,True,0.0869984785899911,0.0039995716615115855,3,0.087 ± 0.004,0.0201383909412774,0.01140193537018943,3,0.02014 ± 0.0114,0.9992192058876274,0.002795487968562586,3,0.9992 ± 0.002795,0.8717704516672097,0.001655209413041453,3,0.8718 ± 0.001655,1.0890876269577683,0.0015037471948339124,3,1.089 ± 0.001504,0.1993731804822331,0.07631194681500061,3,0.1994 ± 0.07631
allen_cahn,resmlp,3,True,0.48661354025105497,0.01840771318717858,3,0.4866 ± 0.01841,-0.12113882233030537,0.015211273172197597,3,-0.1211 ± 0.01521,1.3436916414556028,0.02296282642108277,3,1.344 ± 0.02296,0.8872721545161791,0.009426614383470427,3,0.8873 ± 0.009427,1.195628626790883,0.00288310835459863,3,1.196 ± 0.002883,0.29426947667534925,0.05691991838086877,3,0.2943 ± 0.05692
allen_cahn,silu,3,True,0.04798191146317616,0.010339308662107971,3,0.04798 ± 0.01034,0.031465567853992266,0.01526163062488551,3,0.03147 ± 0.01526,0.9820127382392975,0.00795374641083176,3,0.982 ± 0.007954,0.9022993417234689,0.0030550254893992653,3,0.9023 ± 0.003055,1.0945148815945132,0.003495140762399747,3,1.095 ± 0.003495,0.28694729608632463,0.031131405494155252,3,0.2869 ± 0.03113
allen_cahn,swiglu,3,True,0.444995641406194,0.005249879580480805,3,0.445 ± 0.00525,-0.13068678772381562,0.03041757750575931,3,-0.1307 ± 0.03042,1.1993951953811635,0.011869580354144321,3,1.199 ± 0.01187,0.863223887500706,0.006154714269149139,3,0.8632 ± 0.006155,1.1819307444052416,0.0023481521439029755,3,1.182 ± 0.002348,0.06110190228115866,0.05555537683573732,3,0.0611 ± 0.05556
controlled,fourier,3,True,0.09854415516295921,0.018843840810233645,3,0.09854 ± 0.01884,0.05981362354862546,0.030438816091438177,3,0.05981 ± 0.03044,1.1089814550204402,0.009166775218854511,3,1.109 ± 0.009167,0.6185841542365035,0.013548156784691292,3,0.6186 ± 0.01355,1.0546545140011256,0.004144646182696208,3,1.055 ± 0.004145,0.1781058907105347,0.02028596128191337,3,0.1781 ± 0.02029
controlled,ganr,3,True,-0.020927590718355867,0.04038159493399776,3,-0.02093 ± 0.04038,0.0477380984312042,0.03388053352770768,3,0.04774 ± 0.03388,0.9743761084235474,0.03430736574207924,3,0.9744 ± 0.03431,0.6006474564671648,0.003602764913364408,3,0.6006 ± 0.003603,1.0009552529303203,0.02327878473020954,3,1.001 ± 0.02328,0.060280536557507126,0.0577490908458962,3,0.06028 ± 0.05775
controlled,gelu,3,True,0.07051851620055787,0.004554956730185803,3,0.07052 ± 0.004555,0.05900067502324577,0.003939700343703497,3,0.059 ± 0.00394,1.084611110419263,0.007039883852741928,3,1.085 ± 0.00704,0.6522058446909559,0.028873223033739556,3,0.6522 ± 0.02887,1.024616028797032,0.00513094601464208,3,1.025 ± 0.005131,0.15241557669717182,0.0363097251834676,3,0.1524 ± 0.03631
controlled,relu,3,True,0.05725474900460147,0.012338547457757927,3,0.05725 ± 0.01234,0.10166927437236244,0.024755335324734107,3,0.1017 ± 0.02476,1.0346783312067165,0.00760659565632573,3,1.035 ± 0.007607,0.7605455042230522,0.005569171968033169,3,0.7605 ± 0.005569,1.0132459823463085,0.0015749330528223762,3,1.013 ± 0.001575,0.15874320365133968,0.04028240075051418,3,0.1587 ± 0.04028
controlled,resmlp,3,True,0.16053325346303313,0.016473932052924394,3,0.1605 ± 0.01647,0.08468908697518057,0.03836902615619455,3,0.08469 ± 0.03837,1.1652076048891342,0.04412175090006228,3,1.165 ± 0.04412,0.6682150392555801,0.028570223340346892,3,0.6682 ± 0.02857,1.0624213366340063,0.01514535432789578,3,1.062 ± 0.01515,0.21155530173234338,0.06477926505068922,3,0.2116 ± 0.06478
controlled,silu,3,True,0.07894047427461076,0.01160490958642937,3,0.07894 ± 0.0116,0.10813299820589845,0.006599619430510037,3,0.1081 ± 0.0066,1.089341003638699,0.008065350015516172,3,1.089 ± 0.008065,0.6569876724675802,0.003734955775097042,3,0.657 ± 0.003735,1.0304052272683395,0.006021121074430064,3,1.03 ± 0.006021,0.2680368477014296,0.041823470808756126,3,0.268 ± 0.04182
controlled,swiglu,3,True,0.11111511083494259,0.004260040449615398,3,0.1111 ± 0.00426,0.05668492433183126,0.0592438763093544,3,0.05668 ± 0.05924,1.163925287952334,0.031001449627151637,3,1.164 ± 0.031,0.6495644670697276,0.022141097424507438,3,0.6496 ± 0.02214,1.061817412958195,0.009360163955440485,3,1.062 ± 0.00936,0.22016548035269037,0.08476785479763514,3,0.2202 ± 0.08477
duffing,fourier,3,True,-0.045925683367904,0.02383868971667703,3,-0.04593 ± 0.02384,0.19051269356626843,0.07019932651954514,3,0.1905 ± 0.0702,0.9511921742697856,0.0055249760439724195,3,0.9512 ± 0.005525,0.7740333986722295,0.014085736650871749,3,0.774 ± 0.01409,0.9879267974944933,0.014661452465674399,3,0.9879 ± 0.01466,0.21273186518272943,0.07590969745218663,3,0.2127 ± 0.07591
duffing,ganr,3,True,-0.07652148823999233,0.02755411020649765,3,-0.07652 ± 0.02755,0.02983238040316613,0.014212939110791956,3,0.02983 ± 0.01421,0.9248822233714246,0.03172358015482255,3,0.9249 ± 0.03172,0.7245654021654323,0.023385512653073617,3,0.7246 ± 0.02339,0.9817516820375206,0.02039260677188369,3,0.9818 ± 0.02039,0.016972415298110666,0.011339669252030884,3,0.01697 ± 0.01134
duffing,gelu,3,True,0.04943513741863953,0.008759740942237063,3,0.04944 ± 0.00876,-0.0347341183272536,0.011428523518894472,3,-0.03473 ± 0.01143,1.043649387103711,0.00852282457861667,3,1.044 ± 0.008523,0.7691960668171133,0.006832271582816456,3,0.7692 ± 0.006832,1.0330212567400892,0.003067963327213761,3,1.033 ± 0.003068,-0.014085795341105831,0.007357164974031972,3,-0.01409 ± 0.007357
duffing,relu,3,True,0.020125557303960068,0.006642340564884842,3,0.02013 ± 0.006642,0.04883108102067087,0.025376384512527772,3,0.04883 ± 0.02538,1.0231261463969783,0.00455582260090916,3,1.023 ± 0.004556,0.8171039142322428,0.01835025066339417,3,0.8171 ± 0.01835,1.0016978292853407,0.0014886185897719148,3,1.002 ± 0.001489,0.07785376997116628,0.05904143217844443,3,0.07785 ± 0.05904
duffing,resmlp,3,True,0.0003337863290656338,0.022323080241415348,3,0.0003338 ± 0.02232,-0.020510346631142266,0.04911019687936713,3,-0.02051 ± 0.04911,1.0097388289834688,0.031673776268219225,3,1.01 ± 0.03167,0.7496153012420655,0.0399963089941473,3,0.7496 ± 0.04,1.0136278897135957,0.019337238504188996,3,1.014 ± 0.01934,-0.004607819921717234,0.12748278775608798,3,-0.004608 ± 0.1275
duffing,silu,3,True,0.004865382781393733,0.005818395124869859,3,0.004865 ± 0.005818,0.007243543320697134,0.01861329970851635,3,0.007244 ± 0.01861,0.9719416452935284,0.003080800811756559,3,0.9719 ± 0.003081,0.7619534132168521,0.008335033943280756,3,0.762 ± 0.008335,1.0001578151669968,0.0024224170427530377,3,1 ± 0.002422,0.004968589377498601,0.032309319004978736,3,0.004969 ± 0.03231
duffing,swiglu,3,True,0.019125144541401365,0.006942565647258695,3,0.01913 ± 0.006943,0.05806287327444387,0.010975877430371699,3,0.05806 ± 0.01098,1.1008087876920654,0.010236500117913043,3,1.101 ± 0.01024,0.7731559292736637,0.006038047119664928,3,0.7732 ± 0.006038,1.0627991131130974,0.005623701692562431,3,1.063 ± 0.005624,0.11791821630380772,0.07457139260342616,3,0.1179 ± 0.07457
ieee118,fourier,3,True,0.058013885660300836,0.04678767042312169,3,0.05801 ± 0.04679,0.20288973651741649,0.039840921279315385,3,0.2029 ± 0.03984,1.0604952540887465,0.06481543627803615,3,1.06 ± 0.06482,0.7211958918264108,0.012173782754941303,3,0.7212 ± 0.01217,1.0292182838245851,0.012031101037615562,3,1.029 ± 0.01203,0.28040005014556135,0.10397413726780488,3,0.2804 ± 0.104
ieee118,ganr,3,True,0.3973013412547981,0.1734148100977824,3,0.3973 ± 0.1734,-0.011006660080347066,0.007503781610962873,3,-0.01101 ± 0.007504,1.7779107496027013,0.190923120873684,3,1.778 ± 0.1909,1.0012326830822154,0.015042249512325622,3,1.001 ± 0.01504,1.4162636040185443,0.09810608929913824,3,1.416 ± 0.09811,0.14270916038686368,0.056357811611058725,3,0.1427 ± 0.05636
ieee118,gelu,3,True,-0.02962787667191184,0.008595912335373598,3,-0.02963 ± 0.008596,-0.0363155651717807,0.0020266334317414706,3,-0.03632 ± 0.002027,0.9923215064893164,0.0023698358903749767,3,0.9923 ± 0.00237,0.7327903242664927,0.009383290620322298,3,0.7328 ± 0.009383,1.0016604885617417,0.002772953295269616,3,1.002 ± 0.002773,-0.04537894722179653,0.017776061402412377,3,-0.04538 ± 0.01778
ieee118,relu,3,True,0.018168127726915066,0.004815707683882935,3,0.01817 ± 0.004816,-0.0283778319683856,0.007258117415375693,3,-0.02838 ± 0.007258,1.0208273847179063,0.007735465617881282,3,1.021 ± 0.007735,0.7274906322101172,0.008732242939872485,3,0.7275 ± 0.008732,1.0248586488505878,0.0026779150696587687,3,1.025 ± 0.002678,0.039474771675186704,0.020205559144922093,3,0.03947 ± 0.02021
ieee118,resmlp,3,True,-0.02167755570059363,0.03383681698626011,3,-0.02168 ± 0.03384,-0.11701186729609227,0.00939872852568164,3,-0.117 ± 0.009399,0.9370099543183995,0.03033893787826289,3,0.937 ± 0.03034,0.7268962028169709,0.005137403996014141,3,0.7269 ± 0.005137,0.9780941401931188,0.026903712868630435,3,0.9781 ± 0.0269,-0.17574626345920788,0.02698670209972644,3,-0.1757 ± 0.02699
ieee118,silu,3,True,-0.04200225976325007,0.0061701598765186005,3,-0.042 ± 0.00617,-0.056801883657582874,0.008397567428718531,3,-0.0568 ± 0.008398,1.0115943229881244,0.006458444187951604,3,1.012 ± 0.006458,0.7313737887521912,0.004323781807246928,3,0.7314 ± 0.004324,1.0092331806267267,0.004268276041233685,3,1.009 ± 0.004268,-0.12826445283299204,0.017841513057561403,3,-0.1283 ± 0.01784
ieee118,swiglu,3,True,-0.054395355005602795,0.008684134303355674,3,-0.0544 ± 0.008684,-0.038040629544858436,0.0035578646476460327,3,-0.03804 ± 0.003558,0.8840483316002623,0.007071806453459697,3,0.884 ± 0.007072,0.7326326694508184,0.015585186744396542,3,0.7326 ± 0.01559,0.9522140536701184,0.004499023640479077,3,0.9522 ± 0.004499,-0.16995491542579613,0.023947893808085114,3,-0.17 ± 0.02395
shallow_water,fourier,3,True,0.10817726214743813,0.012663900318250185,3,0.1082 ± 0.01266,0.25387326624824164,0.0397400869306717,3,0.2539 ± 0.03974,1.0534739110046416,0.010725653348334155,3,1.053 ± 0.01073,0.9825725861038738,0.0029996322154022684,3,0.9826 ± 0.003,1.022809268997302,0.0007740970706900645,3,1.023 ± 0.0007741,0.34395072734279597,0.04058702677085777,3,0.344 ± 0.04059
shallow_water,ganr,3,True,-0.04866329378561377,0.004747866523857425,3,-0.04866 ± 0.004748,-0.27121083598574247,0.008442262208299836,3,-0.2712 ± 0.008442,0.9810947483948883,0.001465218958417128,3,0.9811 ± 0.001465,0.9945256174371954,0.0012537900006382588,3,0.9945 ± 0.001254,0.981271304801337,0.001066840180166647,3,0.9813 ± 0.001067,-0.17105393898028065,0.018611361831912098,3,-0.1711 ± 0.01861
shallow_water,gelu,3,True,-0.09419533652814527,0.003985393820575225,3,-0.0942 ± 0.003985,-0.22331197622368446,0.02608782172050494,3,-0.2233 ± 0.02609,0.8741979782601982,0.00441970216255835,3,0.8742 ± 0.00442,0.9860710114777066,0.005998352573018522,3,0.9861 ± 0.005998,0.9331300712444343,0.002772310669310436,3,0.9331 ± 0.002772,-0.14137426696939717,0.049638744975776986,3,-0.1414 ± 0.04964
shallow_water,relu,3,True,-0.07182912673151656,0.015539669625025407,3,-0.07183 ± 0.01554,-0.0032318675047087668,0.01824012498201191,3,-0.003232 ± 0.01824,0.8966125729590669,0.006989927599938445,3,0.8966 ± 0.00699,0.9709141036099714,0.005858563934365534,3,0.9709 ± 0.005859,0.9456982826628605,0.0023666294337171758,3,0.9457 ± 0.002367,0.0473536608581391,0.04862491246303128,3,0.04735 ± 0.04862
shallow_water,resmlp,3,True,0.11713035026702905,0.027616206854937052,3,0.1171 ± 0.02762,0.3522368079894141,0.002867381447746006,3,0.3522 ± 0.002867,1.0541950956085433,0.015190066165450537,3,1.054 ± 0.01519,0.9896355975336687,0.00043266174296883975,3,0.9896 ± 0.0004327,1.0264949376854162,0.00506269453342735,3,1.026 ± 0.005063,0.4015540480933078,0.03459308642417856,3,0.4016 ± 0.03459
shallow_water,silu,3,True,-0.10530119745845547,0.00535099915843784,3,-0.1053 ± 0.005351,-0.25197047183081794,0.024079771990285038,3,-0.252 ± 0.02408,0.8404663346122295,0.004519810504921921,3,0.8405 ± 0.00452,0.9836317587989488,0.0017405076864196983,3,0.9836 ± 0.001741,0.9120515556120327,0.0030072079120329917,3,0.9121 ± 0.003007,-0.17248169454852735,0.051922752060994275,3,-0.1725 ± 0.05192
shallow_water,swiglu,3,True,0.11588145295400894,0.005545157018988395,3,0.1159 ± 0.005545,0.31381745389576327,0.015491747965216355,3,0.3138 ± 0.01549,1.0494765181737982,0.0047074323342662485,3,1.049 ± 0.004707,0.984889345083824,0.00029603362439654517,3,0.9849 ± 0.000296,1.0280718238773232,0.0022112402404181573,3,1.028 ± 0.002211,0.2842004336662441,0.02262913725868217,3,0.2842 ± 0.02263
