system,model,interaction,n,seed_count,nrmse_mean,nrmse_std,q5_q1_ratio_mean,gap_relative_mean
controlled,ganr,0.0,1,1,0.0080307757735569,,1.0531971974928724,0.2221338649897265
controlled,ganr,0.5,1,1,0.0083485269094266,,0.9954010224067676,0.2008378531211381
controlled,ganr,1.0,1,1,0.0091168564958354,,1.0546632610015254,0.1695012368817618
controlled,gelu,0.0,1,1,0.0166213146046704,,1.1006404250109227,0.3168145911005351
controlled,gelu,0.5,1,1,0.0164112176837772,,1.0716763128823226,0.2791461570891645
controlled,gelu,1.0,1,1,0.0161265505700235,,1.1313519625003492,0.2516711588136132
controlled,silu,0.0,1,1,0.0224649475177626,,1.1523354777270232,0.3645385255415044
controlled,silu,0.5,1,1,0.0221363459026088,,1.0725520268224076,0.3241311042954155
controlled,silu,1.0,1,1,0.0222971906867421,,1.0904719369602498,0.2874052437454075
controlled,swiglu,0.0,1,1,0.0100085373215786,,1.1450129524131347,0.2630600125542943
controlled,swiglu,0.5,1,1,0.0116006528537367,,1.1402103166560889,0.2689132255773406
controlled,swiglu,1.0,1,1,0.0117584081082818,,1.2150490816328192,0.2301141567600526
