system,baseline_model,metric,seed,baseline_value,ganr_value,relative_improvement_pct,ganr_wins
ac_power,resmlp,nrmse,11,0.003439743914545,0.0026291763254307,23.56476555381942,True
ac_power,resmlp,nrmse,29,0.0034513590963573,0.0024474871946052,29.086278006007138,True
ac_power,resmlp,nrmse,47,0.0035573528265646,0.0024855538811616,30.12911559964817,True
ac_power,resmlp,q5_nrmse,11,0.0032798415715819,0.002588141833557,21.089425294749415,True
ac_power,resmlp,q5_nrmse,29,0.0033967234096717,0.0023404748884422,31.09610038373977,True
ac_power,resmlp,q5_nrmse,47,0.0036865684264186,0.0024600341449233,33.27035170989201,True
ac_power,resmlp,gap_relative,11,12.033217278410842,11.539074598549702,4.106488467948603,True
ac_power,resmlp,gap_relative,29,11.38902506288944,11.222041494111478,1.4661796585387208,True
ac_power,resmlp,gap_relative,47,11.63476079837532,11.426217365049196,1.7924170246391748,True
ac_power,resmlp,residual_mean,11,0.0070141564776828,0.0063733004951907,9.136608008833777,True
ac_power,resmlp,residual_mean,29,0.0071093889490474,0.0054805704648291,22.91080845192115,True
ac_power,resmlp,residual_mean,47,0.008040926454359,0.00588567527753,26.803518090389137,True
allen_cahn,resmlp,nrmse,11,0.0121247856461996,0.0118371526099475,2.3722731654415274,True
allen_cahn,resmlp,nrmse,29,0.0122190672205851,0.0118514784477821,3.0083210622144283,True
allen_cahn,resmlp,nrmse,47,0.0121700392968239,0.0118485694468348,2.641485718727266,True
allen_cahn,resmlp,q5_nrmse,11,0.0144819541357519,0.0150320453843298,-3.7984600933093606,False
allen_cahn,resmlp,q5_nrmse,29,0.014589467572308,0.0150427526213395,-3.1069334558299615,False
allen_cahn,resmlp,q5_nrmse,47,0.0145139251791581,0.0150361761388841,-3.598275127364919,False
allen_cahn,resmlp,gap_relative,11,5.982650890202429,5.064644105874465,15.34448192240918,True
allen_cahn,resmlp,gap_relative,29,5.9770768810975605,5.059195714224414,15.356689986303103,True
allen_cahn,resmlp,gap_relative,47,5.994694321523363,5.087102379050499,15.139920299426167,True
allen_cahn,resmlp,residual_mean,11,0.0094418693986661,0.0084363671783842,10.649397675675887,True
allen_cahn,resmlp,residual_mean,29,0.0095542399943326,0.0084436945058858,11.623587947398798,True
allen_cahn,resmlp,residual_mean,47,0.0095188741809979,0.0084405832875079,11.327924636744806,True
controlled,resmlp,nrmse,11,0.0076287566462019,0.0062198885604059,18.467859851020773,True
controlled,resmlp,nrmse,29,0.0080972220256112,0.0063474006795434,21.610144078218216,True
controlled,resmlp,nrmse,47,0.0069926969829009,0.0062170580447562,11.092128545557664,True
controlled,resmlp,q5_nrmse,11,0.0082067215656124,0.0062158306789981,24.259271753004047,True
controlled,resmlp,q5_nrmse,29,0.0086352788807963,0.0062266034801512,27.8934291977723,True
controlled,resmlp,q5_nrmse,47,0.0072973773755376,0.0064353382607942,11.81299897731948,True
controlled,resmlp,gap_relative,11,0.2366475123034367,0.191700022663922,18.993434244042106,True
controlled,resmlp,gap_relative,29,0.2531564335877131,0.193113143901402,23.717860468873862,True
controlled,resmlp,gap_relative,47,0.2150041372162476,0.1967279141766321,8.500405283473018,True
controlled,resmlp,residual_mean,11,0.0141601933004053,0.0112798983406316,20.3407884247686,True
controlled,resmlp,residual_mean,29,0.01440387290541,0.0114170690385803,20.736116504526194,True
controlled,resmlp,residual_mean,47,0.0127309542087536,0.011128268791419,12.588886826979707,True
duffing,resmlp,nrmse,11,0.0051806995736708,0.0043962123700084,15.14249557432934,True
duffing,resmlp,nrmse,29,0.0048484329695497,0.0042888848014336,11.54080445435277,True
duffing,resmlp,nrmse,47,0.0045757048322626,0.0043252610412609,5.473337992342931,True
duffing,resmlp,q5_nrmse,11,0.0052496215544837,0.0043965247981447,16.25063345014594,True
duffing,resmlp,q5_nrmse,29,0.0049720502706246,0.0042338354965962,14.847291033838728,True
duffing,resmlp,q5_nrmse,47,0.0048566928627577,0.0044360903446859,8.660265945517825,True
duffing,resmlp,gap_relative,11,0.4464159693074747,0.4138423620473999,7.296694002816757,True
duffing,resmlp,gap_relative,29,0.4335008670440983,0.4282778663317514,1.2048420451753252,True
duffing,resmlp,gap_relative,47,0.4069227076685724,0.4273023727093763,-5.008239809856617,False
duffing,resmlp,residual_mean,11,0.0098100489761558,0.0074832763198848,23.718257288280917,True
duffing,resmlp,residual_mean,29,0.0084105800165079,0.0073496630495441,12.614076138405212,True
duffing,resmlp,residual_mean,47,0.0081873122635094,0.0074156360011076,9.425269704700748,True
ieee118,resmlp,nrmse,11,0.0073688130261229,0.0004834288372774,93.43952905897306,True
ieee118,resmlp,nrmse,29,0.0075149990307563,0.0005847272006851,92.21919792282057,True
ieee118,resmlp,nrmse,47,0.0073597690656196,0.0005625473346331,92.35645399172941,True
ieee118,resmlp,q5_nrmse,11,0.0073362048195622,0.0006301566642148,91.41031800891832,True
ieee118,resmlp,q5_nrmse,29,0.0072816145310856,0.0008493495087672,88.33569800843918,True
ieee118,resmlp,q5_nrmse,47,0.0068496477804938,0.0007966795328667,88.36904380491713,True
ieee118,resmlp,gap_relative,11,1074.721999030309,0.626160446845456,99.94173744955341,True
ieee118,resmlp,gap_relative,29,1077.538564999111,0.6696881185539705,99.93785019485084,True
ieee118,resmlp,gap_relative,47,1079.1826283271448,0.6540393154512497,99.93939493666007,True
ieee118,resmlp,residual_mean,11,0.0132735158605958,0.0006056004265113,95.43752813593943,True
ieee118,resmlp,residual_mean,29,0.0143626277164889,0.0007076058587752,95.07328413196397,True
ieee118,resmlp,residual_mean,47,0.0136575668131571,0.0006421457170887,95.29824216953429,True
shallow_water,silu,nrmse,11,0.011079867009853,0.005843310825236,47.261904677739224,True
shallow_water,silu,nrmse,29,0.0110603670671704,0.0058375147212614,47.22132922162749,True
shallow_water,silu,nrmse,47,0.0108556285120201,0.0058079995086364,46.49780524264089,True
shallow_water,silu,q5_nrmse,11,0.0099809929118154,0.0057460772709738,42.42980310935147,True
shallow_water,silu,q5_nrmse,29,0.0099634185008858,0.0057339313677007,42.45016038229325,True
shallow_water,silu,q5_nrmse,47,0.009822030819461,0.0057174518705635,41.78951404596331,True
shallow_water,silu,gap_relative,11,7.981784434505837,7.186807255750491,9.959892869551846,True
shallow_water,silu,gap_relative,29,7.98314705831533,7.170809039617391,10.175661462377784,True
shallow_water,silu,gap_relative,47,8.011778196757422,7.188594563362571,10.27466828435185,True
shallow_water,silu,residual_mean,11,0.0074271276340791,0.00422101986125,43.16753300586884,True
shallow_water,silu,residual_mean,29,0.0074202505253335,0.0042113429180241,43.245273139415694,True
shallow_water,silu,residual_mean,47,0.0073129606697692,0.0041956105357411,42.62774373879526,True
