system,baseline_model,metric,n_pairs,paired_seeds,mean_relative_improvement_pct,std_relative_improvement_pct,ci95_low_pct,ci95_high_pct,wins,ties,losses,win_count,three_seed_complete,evidence_tier,status
ac_power,resmlp,nrmse,3,"11,29,47",27.593386386491577,3.527636166295757,23.564765553819417,30.12911559964817,3,0,0,3/3,True,主结论（3 seeds）,ok
ac_power,resmlp,q5_nrmse,3,"11,29,47",28.485292462793733,6.496613008548039,21.089425294749415,33.27035170989201,3,0,0,3/3,True,主结论（3 seeds）,ok
ac_power,resmlp,gap_relative,3,"11,29,47",2.4550283837088327,1.4394783819627033,1.4661796585387208,4.106488467948603,3,0,0,3/3,True,主结论（3 seeds）,ok
ac_power,resmlp,residual_mean,3,"11,29,47",19.61697818371469,9.282613658569195,9.136608008833777,26.803518090389137,3,0,0,3/3,True,主结论（3 seeds）,ok
allen_cahn,resmlp,nrmse,3,"11,29,47",2.6740266487944075,0.31927012989713527,2.3722731654415274,3.0083210622144283,3,0,0,3/3,True,主结论（3 seeds）,ok
allen_cahn,resmlp,q5_nrmse,3,"11,29,47",-3.5012228921680806,0.3558322987776938,-3.7984600933093606,-3.1069334558299615,0,0,3,0/3,True,主结论（3 seeds）,ok
allen_cahn,resmlp,gap_relative,3,"11,29,47",15.280364069379482,0.12178094512293157,15.139920299426167,15.356689986303103,3,0,0,3/3,True,主结论（3 seeds）,ok
allen_cahn,resmlp,residual_mean,3,"11,29,47",11.20030341993983,0.49947677885360864,10.649397675675887,11.623587947398798,3,0,0,3/3,True,主结论（3 seeds）,ok
controlled,resmlp,nrmse,3,"11,29,47",17.056710824932217,5.399135937045406,11.092128545557664,21.610144078218216,3,0,0,3/3,True,主结论（3 seeds）,ok
controlled,resmlp,q5_nrmse,3,"11,29,47",21.321899976031943,8.433040598492768,11.81299897731948,27.893429197772303,3,0,0,3/3,True,主结论（3 seeds）,ok
controlled,resmlp,gap_relative,3,"11,29,47",17.070566665462994,7.788825352611507,8.500405283473018,23.717860468873862,3,0,0,3/3,True,主结论（3 seeds）,ok
controlled,resmlp,residual_mean,3,"11,29,47",17.8885972520915,4.593938290311503,12.588886826979708,20.736116504526194,3,0,0,3/3,True,主结论（3 seeds）,ok
duffing,resmlp,nrmse,3,"11,29,47",10.718879340341681,4.886698553840099,5.473337992342931,15.14249557432934,3,0,0,3/3,True,主结论（3 seeds）,ok
duffing,resmlp,q5_nrmse,3,"11,29,47",13.252730143167497,4.038612142725801,8.660265945517825,16.25063345014594,3,0,0,3/3,True,主结论（3 seeds）,ok
duffing,resmlp,gap_relative,3,"11,29,47",1.1644320793784886,6.152566436664451,-5.008239809856617,7.296694002816757,2,0,1,2/3,True,主结论（3 seeds）,ok
duffing,resmlp,residual_mean,3,"11,29,47",15.252534377128958,7.502897435271999,9.425269704700748,23.71825728828092,3,0,0,3/3,True,主结论（3 seeds）,ok
ieee118,resmlp,nrmse,3,"11,29,47",92.67172699117434,0.6684682629714488,92.21919792282057,93.43952905897306,3,0,0,3/3,True,主结论（3 seeds）,ok
ieee118,resmlp,q5_nrmse,3,"11,29,47",89.37168660742488,1.765585307738496,88.33569800843918,91.41031800891831,3,0,0,3/3,True,主结论（3 seeds）,ok
ieee118,resmlp,gap_relative,3,"11,29,47",99.93966086035476,0.0019572235026256665,99.93785019485084,99.9417374495534,3,0,0,3/3,True,主结论（3 seeds）,ok
ieee118,resmlp,residual_mean,3,"11,29,47",95.26968481247923,0.18379354066314704,95.07328413196397,95.43752813593943,3,0,0,3/3,True,主结论（3 seeds）,ok
shallow_water,silu,nrmse,3,"11,29,47",46.99367971400253,0.4299188416676036,46.49780524264089,47.26190467773923,3,0,0,3/3,True,主结论（3 seeds）,ok
shallow_water,silu,q5_nrmse,3,"11,29,47",42.223159179202675,0.3756856143466868,41.78951404596331,42.45016038229325,3,0,0,3/3,True,主结论（3 seeds）,ok
shallow_water,silu,gap_relative,3,"11,29,47",10.136740872093826,0.1609565149401153,9.959892869551846,10.27466828435185,3,0,0,3/3,True,主结论（3 seeds）,ok
shallow_water,silu,residual_mean,3,"11,29,47",43.01351662802659,0.33634271753732276,42.62774373879526,43.245273139415694,3,0,0,3/3,True,主结论（3 seeds）,ok
