factor,family,system,model,level,seed_count,nrmse_mean,nrmse_std,nrmse_n,q5_q1_ratio_mean,q5_q1_ratio_std,q5_q1_ratio_n,gap_relative_mean,gap_relative_std,gap_relative_n
alpha,mechanism_alpha,controlled,ganr,0.1,1,0.0094487177867797,,1,1.0891278635788657,,1,0.5406195464412882,,1
alpha,mechanism_alpha,controlled,ganr,0.25,1,0.0080473900820971,,1,0.951626812407896,,1,0.2526527111582618,,1
alpha,mechanism_alpha,controlled,ganr,0.4,1,0.0083485269094266,,1,0.9954010224067676,,1,0.2008378531211381,,1
alpha,mechanism_alpha,controlled,ganr,0.49,1,0.008849624942949,,1,0.9491443377205018,,1,0.175767040212095,,1
alpha,mechanism_alpha,controlled,silu,0.1,1,0.0214012259477871,,1,1.1592121268095643,,1,0.5493826725845027,,1
alpha,mechanism_alpha,controlled,silu,0.25,1,0.0212293716424324,,1,1.054872410282678,,1,0.4067607779455954,,1
alpha,mechanism_alpha,controlled,silu,0.4,1,0.0221363459026088,,1,1.0725520268224076,,1,0.3241311042954155,,1
alpha,mechanism_alpha,controlled,silu,0.49,1,0.0230508206590166,,1,1.092299557065034,,1,0.2999391283906039,,1
condition,mechanism_condition,controlled,ganr,1.0,1,0.0073364517119462,,1,0.9230851447955652,,1,0.4550018949077303,,1
condition,mechanism_condition,controlled,ganr,5.0,1,0.0083485269094266,,1,0.9954010224067676,,1,0.2008378531211381,,1
condition,mechanism_condition,controlled,ganr,15.0,1,0.0134311892934443,,1,1.4137611674067612,,1,0.4337142419882032,,1
condition,mechanism_condition,controlled,ganr,40.0,1,0.0164625782952583,,1,1.7160037185750876,,1,0.5786169666667849,,1
condition,mechanism_condition,controlled,silu,1.0,1,0.016266390172527,,1,0.9183341811106764,,1,0.4754601929423416,,1
condition,mechanism_condition,controlled,silu,5.0,1,0.0221363459026088,,1,1.0725520268224076,,1,0.3241311042954155,,1
condition,mechanism_condition,controlled,silu,15.0,1,0.0343091825987313,,1,1.4051642489476548,,1,0.5336820957152939,,1
condition,mechanism_condition,controlled,silu,40.0,1,0.0350921884871629,,1,1.4334677612879283,,1,0.6186660906303243,,1
coupling,mechanism_coupling,controlled,ganr,0.0,1,0.008141578068462,,1,0.9432189766329498,,1,0.2458396137102323,,1
coupling,mechanism_coupling,controlled,ganr,0.33,1,0.0083124517686209,,1,0.9622109413197524,,1,0.2354128818847687,,1
coupling,mechanism_coupling,controlled,ganr,0.66,1,0.0105110577772337,,1,1.1336955932180688,,1,0.1722312750383031,,1
coupling,mechanism_coupling,controlled,ganr,1.0,1,0.0093803113235067,,1,1.1057267960312795,,1,0.2149012080302742,,1
coupling,mechanism_coupling,controlled,silu,0.0,1,0.0193932848700929,,1,1.0352697011774858,,1,0.3644618833263795,,1
coupling,mechanism_coupling,controlled,silu,0.33,1,0.0204006512143912,,1,1.095168350503417,,1,0.3706566191784997,,1
coupling,mechanism_coupling,controlled,silu,0.66,1,0.0282348121393301,,1,1.2227737806123185,,1,0.3339690370308779,,1
coupling,mechanism_coupling,controlled,silu,1.0,1,0.0236891542920869,,1,1.2174821425737037,,1,0.3779686905202676,,1
localization,mechanism_localization,controlled,ganr,0.5,1,0.0065144150541911,,1,1.0549249964687195,,1,1.0718535989201037,,1
localization,mechanism_localization,controlled,ganr,1.0,1,0.0082109683555561,,1,0.9338810987701262,,1,0.4505772346160564,,1
localization,mechanism_localization,controlled,ganr,1.5,1,0.0076962276695887,,1,0.9634111566921276,,1,0.2471788755473289,,1
localization,mechanism_localization,controlled,ganr,2.0,1,0.0083485269094266,,1,0.9954010224067676,,1,0.2008378531211381,,1
localization,mechanism_localization,controlled,silu,0.5,1,0.0118570118850757,,1,0.9434666772830824,,1,1.0793612721393722,,1
localization,mechanism_localization,controlled,silu,1.0,1,0.0164427156908943,,1,0.8922662664825758,,1,0.4982862347564335,,1
localization,mechanism_localization,controlled,silu,1.5,1,0.0189667766027787,,1,0.9355132588398596,,1,0.3469785945215977,,1
localization,mechanism_localization,controlled,silu,2.0,1,0.0221363459026088,,1,1.0725520268224076,,1,0.3241311042954155,,1
rank,mechanism_rank,controlled,ganr,1.0,1,0.0084309356878801,,1,0.9617264845380408,,1,0.1884914523685805,,1
rank,mechanism_rank,controlled,ganr,2.0,1,0.0081547068701222,,1,1.0069565593246212,,1,0.1830724081609905,,1
rank,mechanism_rank,controlled,ganr,4.0,1,0.0083485269094266,,1,0.9954010224067676,,1,0.2008378531211381,,1
rank,mechanism_rank,controlled,ganr,8.0,1,0.0104069336737339,,1,0.9227650949444972,,1,0.2177672571512344,,1
rank,mechanism_rank,controlled,silu,1.0,1,0.0209951559884119,,1,1.0612842633306403,,1,0.3173947951415942,,1
rank,mechanism_rank,controlled,silu,2.0,1,0.0220366083556266,,1,1.0646633224504762,,1,0.3443462351821742,,1
rank,mechanism_rank,controlled,silu,4.0,1,0.0221363459026088,,1,1.0725520268224076,,1,0.3241311042954155,,1
rank,mechanism_rank,controlled,silu,8.0,1,0.0252558224715705,,1,1.266378181664538,,1,0.3294765959234091,,1
