factor,family,system,model,metric,n_levels,n_observations,spearman_rho,spearman_pvalue,linear_slope_per_unit,standardized_slope,low_level,high_level,low_mean,high_mean,extreme_relative_change_pct,extreme_log_ratio,cohen_d_high_vs_low,status
alpha,mechanism_alpha,controlled,ganr,nrmse,4,4,-0.19999999999999998,0.8,-0.00139199805635317,-0.38896440661090087,0.1,0.49,0.0094487177867797,0.008849624942949,-6.340467112574021,-0.06550396956708437,,ok
alpha,mechanism_alpha,controlled,ganr,q5_q1_ratio,4,4,-0.7999999999999999,0.20000000000000007,-0.2877821688178715,-0.7543337860212384,0.1,0.49,1.0891278635788657,0.9491443377205018,-12.852809164057115,-0.13757164820832551,,ok
alpha,mechanism_alpha,controlled,ganr,gap_relative,4,4,-1.0,0.0,-0.8954171587651563,-0.9111540124476369,0.1,0.49,0.5406195464412882,0.175767040212095,-67.48784956646338,-1.123556307027012,,ok
alpha,mechanism_alpha,controlled,silu,nrmse,4,4,0.7999999999999999,0.20000000000000007,0.004233549912432455,0.8745369646864629,0.1,0.49,0.0214012259477871,0.0230508206590166,7.707944933874541,0.07425316457019931,,ok
alpha,mechanism_alpha,controlled,silu,q5_q1_ratio,4,4,-0.19999999999999998,0.8,-0.1540055392431574,-0.5787983801368971,0.1,0.49,1.1592121268095643,1.092299557065034,-5.7722454930393186,-0.05945541396994331,,ok
alpha,mechanism_alpha,controlled,silu,gap_relative,4,4,-1.0,0.0,-0.6418952995757964,-0.9775252747993427,0.1,0.49,0.5493826725845027,0.2999391283906039,-45.40433410839526,-0.6052156856625718,,ok
condition,mechanism_condition,controlled,ganr,nrmse,4,4,1.0,0.0,0.00023239117867762796,0.9458760837319042,1.0,40.0,0.0073364517119462,0.0164625782952583,124.39428407129988,0.8082345152830008,,ok
condition,mechanism_condition,controlled,ganr,q5_q1_ratio,4,4,1.0,0.0,0.02037559375495582,0.9596446995083808,1.0,40.0,0.9230851447955652,1.7160037185750876,85.89874707117394,0.6200319689165619,,ok
condition,mechanism_condition,controlled,ganr,gap_relative,4,4,0.39999999999999997,0.6,0.006157997684039157,0.6842730241122871,1.0,40.0,0.4550018949077303,0.5786169666667849,27.16803449447665,0.24033913219245528,,ok
condition,mechanism_condition,controlled,silu,nrmse,4,4,1.0,0.0,0.00043579773439842464,0.8236544562231385,1.0,40.0,0.016266390172527,0.0350921884871629,115.73433389315588,0.7688775290245872,,ok
condition,mechanism_condition,controlled,silu,q5_q1_ratio,4,4,1.0,0.0,0.011997953487789844,0.8309449793778272,1.0,40.0,0.9183341811106764,1.4334677612879283,56.09434896066105,0.44529043947289015,,ok
condition,mechanism_condition,controlled,silu,gap_relative,4,4,0.7999999999999999,0.20000000000000007,0.005518233668982167,0.7792692220582634,1.0,40.0,0.4754601929423416,0.6186660906303243,30.119429515595446,0.26328253131291596,,ok
coupling,mechanism_coupling,controlled,ganr,nrmse,4,4,0.7999999999999999,0.20000000000000007,0.0017654223699152297,0.6921071236832668,0.0,1.0,0.008141578068462,0.0093803113235067,15.214903605029297,0.1416289254773544,,ok
coupling,mechanism_coupling,controlled,ganr,q5_q1_ratio,4,4,0.7999999999999999,0.20000000000000007,0.19736052185888084,0.8711436933678443,0.0,1.0,0.9432189766329498,1.1057267960312795,17.229065935297548,0.15895966326809544,,ok
coupling,mechanism_coupling,controlled,ganr,gap_relative,4,4,-0.7999999999999999,0.20000000000000007,-0.046460933870061394,-0.6135624647237174,0.0,1.0,0.2458396137102323,0.2149012080302742,-12.584792667476592,-0.13450092152268636,,ok
coupling,mechanism_coupling,controlled,silu,nrmse,4,4,0.7999999999999999,0.20000000000000007,0.006180059882110224,0.6668434680546729,0.0,1.0,0.0193932848700929,0.0236891542920869,22.151324289671102,0.20009045316054153,,ok
coupling,mechanism_coupling,controlled,silu,q5_q1_ratio,4,4,0.7999999999999999,0.20000000000000007,0.2019895233286734,0.936311580926989,0.0,1.0,1.0352697011774858,1.2174821425737037,17.600480453448476,0.16212293495659713,,ok
coupling,mechanism_coupling,controlled,silu,gap_relative,4,4,0.39999999999999997,0.6,0.001432823547823793,0.031859009734619956,0.0,1.0,0.3644618833263795,0.3779686905202676,3.705958787957146,0.036389389389746875,,ok
localization,mechanism_localization,controlled,ganr,nrmse,4,4,0.7999999999999999,0.20000000000000007,0.0009975189759478197,0.7719812498822652,0.5,2.0,0.0065144150541911,0.0083485269094266,28.154666842351556,0.24806768318856964,,ok
localization,mechanism_localization,controlled,ganr,q5_q1_ratio,4,4,-0.19999999999999998,0.8,-0.029808372852770867,-0.37116001554485883,0.5,2.0,1.0549249964687195,0.9954010224067676,-5.642483992815016,-0.058079256432833876,,ok
localization,mechanism_localization,controlled,ganr,gap_relative,4,4,-1.0,0.0,-0.5632891192931249,-0.9064981435348797,0.5,2.0,1.0718535989201037,0.2008378531211381,-81.26256670468028,-1.674646882521965,,ok
localization,mechanism_localization,controlled,silu,nrmse,4,4,1.0,0.0,0.006672412592896739,0.9922933254027069,0.5,2.0,0.0118570118850757,0.0221363459026088,86.69413607041744,0.6243014557664816,,ok
localization,mechanism_localization,controlled,silu,q5_q1_ratio,4,4,0.39999999999999997,0.6,0.08610060819505187,0.7150234366406183,0.5,2.0,0.9434666772830824,1.0725520268224076,13.682025305976309,0.12823511349335806,,ok
localization,mechanism_localization,controlled,silu,gap_relative,4,4,-1.0,0.0,-0.48339962875334125,-0.8831073306265553,0.5,2.0,1.0793612721393722,0.3241311042954155,-69.9701005898642,-1.2029766536442903,,ok
rank,mechanism_rank,controlled,ganr,nrmse,4,4,0.39999999999999997,0.6,0.0003082013800466647,0.9050871095550566,1.0,8.0,0.0084309356878801,0.0104069336737339,23.43746956455139,0.21056452254165964,,ok
rank,mechanism_rank,controlled,ganr,q5_q1_ratio,4,4,-0.39999999999999997,0.6,-0.008219822684587588,-0.6722097146768008,1.0,8.0,0.9617264845380408,0.9227650949444972,-4.051192331701088,-0.041355390205664,,ok
rank,mechanism_rank,controlled,ganr,gap_relative,4,4,0.7999999999999999,0.20000000000000007,0.004764942534876559,0.9580300641011559,1.0,8.0,0.1884914523685805,0.2177672571512344,15.531635209328922,0.14437420438683818,,ok
rank,mechanism_rank,controlled,silu,nrmse,4,4,1.0,0.0,0.0005763682918033944,0.9694990180053041,1.0,8.0,0.0209951559884119,0.0252558224715705,20.2935690761728,0.18476497817522253,,ok
rank,mechanism_rank,controlled,silu,q5_q1_ratio,4,4,1.0,0.0,0.030210530098514623,0.9332002345312633,1.0,8.0,1.0612842633306403,1.266378181664538,19.32506920344312,0.1766812568613217,,ok
rank,mechanism_rank,controlled,silu,gap_relative,4,4,0.39999999999999997,0.6,0.00020405949704882566,0.05512129064111683,1.0,8.0,0.3173947951415942,0.3294765959234091,3.8065529009147943,0.03735891281769451,,ok
