allocation_mse,benchmark,capacity_mse,captured_mass,centers,directions_per_center,mean_capacity,method,mode_fraction_correlations,mode_fraction_mean_correlation,mode_fraction_mse,mode_fraction_normalized_mse,mode_fraction_r2,partition,population,predicted_simplex_error,r90,rank,rank_cap,rank_floor,router_selection,seed,selected_scale,status,target_conservation_error,train_loss,validation_loss
0.004904428031295538,synthetic,0.020180227234959602,0.9999999999999969,1024,12,0.4744744300842285,input_only_simplex_router,"[-0.05033411458134651, 0.033693477511405945, -0.019222915172576904, -0.08753012120723724, -0.029774826020002365, -0.01520584337413311]",-0.02806239016354084,0.0018759570084512234,2.031874656677246,-1.031874656677246,,nominal,1.1920928955078125e-07,5,5,5,5,,0,0.02,RESOLVED,2.220446049250313e-16,0.021868504583835602,0.02680746279656887
0.0047630248591303825,synthetic,0.018543854355812073,0.9999999999999969,1024,12,0.4744744300842285,random_geometry_router,"[-0.0251188725233078, -0.06543010473251343, 0.1363070011138916, -0.02871803194284439, -0.03986646234989166, -0.07155323028564453]",-0.01572995074093342,0.0027562540490180254,2.9853365421295166,-1.9853365421295166,,nominal,1.7881393432617188e-07,5,5,5,5,,0,0.02,RESOLVED,2.220446049250313e-16,0.0247539971023798,0.025907158851623535
0.022587668150663376,synthetic,0.018185647204518318,0.9999999999999969,1024,12,0.4626050889492035,scalar_capacity_uniform_router,"[-0.04303266853094101, -0.002407429739832878, 0.005609823856502771, -0.008679041638970375, -0.02827392891049385, 0.07929676026105881]",0.0004189185274299234,0.09955454617738724,336.3067626953125,-335.3067626953125,,nominal,2.384185791015625e-07,5,5,5,5,,0,0.02,RESOLVED,2.220446049250313e-16,nan,nan
0.004722802434116602,synthetic,0.019054096192121506,0.9999999999999969,1024,12,0.4744744300842285,constant_mean_target,"[-1.1191470861149355e-07, 7.39053476195295e-08, -1.348966094383286e-07, 1.9606092394042207e-07, 1.4542365533998236e-07, 1.3681071777682519e-06]",2.5611430487515463e-07,0.0009285259293392301,1.0056991577148438,-0.00569915771484375,train_mean_evaluated_on_validation,nominal,1.1920928955078125e-07,5,5,5,5,,0,0.02,RESOLVED,2.220446049250313e-16,nan,nan
0.004792837426066399,synthetic,0.019590407609939575,0.9999999999999969,1024,12,0.4744744300842285,input_only_simplex_router,"[-0.06389972567558289, -0.07507988065481186, 0.05529719591140747, -0.0113555071875453, 0.11877617985010147, 0.04773328825831413]",0.011911924928426743,0.002490453887730837,2.6974446773529053,-1.6974446773529053,,nominal,1.1920928955078125e-07,5,5,5,5,,1,0.02,RESOLVED,2.220446049250313e-16,0.023586921393871307,0.026723189279437065
0.004650493618100882,synthetic,0.018520262092351913,0.9999999999999969,1024,12,0.4744744300842285,random_geometry_router,"[-0.03761935234069824, -0.05117014795541763, 0.12682366371154785, 0.006061900407075882, -0.004725995007902384, -0.055076949298381805]",-0.0026178129483014345,0.002484624506905675,2.6911308765411377,-1.6911308765411377,,nominal,1.1920928955078125e-07,5,5,5,5,,1,0.02,RESOLVED,2.220446049250313e-16,0.023716304451227188,0.02549954503774643
0.023247525095939636,synthetic,0.01746782287955284,0.9999999999999969,1024,12,0.47566989064216614,scalar_capacity_uniform_router,"[-0.00631811935454607, 0.04427337646484375, -0.026463523507118225, -0.013504257425665855, 0.09408766776323318, -0.04088994860649109]",0.008530865423381329,0.09860673546791077,315.98419189453125,-314.98419189453125,,nominal,2.384185791015625e-07,5,5,5,5,,1,0.02,RESOLVED,2.220446049250313e-16,nan,nan
0.004722802434116602,synthetic,0.019054096192121506,0.9999999999999969,1024,12,0.4744744300842285,constant_mean_target,"[-1.1191470861149355e-07, 7.39053476195295e-08, -1.348966094383286e-07, 1.9606092394042207e-07, 1.4542365533998236e-07, 1.3681071777682519e-06]",2.5611430487515463e-07,0.0009285259293392301,1.0056991577148438,-0.00569915771484375,train_mean_evaluated_on_validation,nominal,1.1920928955078125e-07,5,5,5,5,,1,0.02,RESOLVED,2.220446049250313e-16,nan,nan
0.004846976138651371,synthetic,0.019434703513979912,0.9999999999999969,1024,12,0.4744744300842285,input_only_simplex_router,"[-0.05513988807797432, 0.10015751421451569, 0.06584883481264114, -0.0010852481937035918, -0.056040771305561066, -0.020233629271388054]",0.00558446766808629,0.002577750710770488,2.791996955871582,-1.791996955871582,,nominal,1.1920928955078125e-07,5,5,5,5,,2,0.02,RESOLVED,2.220446049250313e-16,0.022976361215114594,0.026706714183092117
0.004930589348077774,synthetic,0.018871409818530083,0.9999999999999969,1024,12,0.4744744300842285,random_geometry_router,"[-0.09029970318078995, -0.027814554050564766, 0.08268896490335464, -0.008017475716769695, -0.008683467283844948, -0.08002541214227676]",-0.022025272250175476,0.002292181830853224,2.4826934337615967,-1.4826934337615967,,nominal,1.1920928955078125e-07,5,5,5,5,,2,0.02,RESOLVED,2.220446049250313e-16,0.02111845649778843,0.025939039885997772
0.023150570690631866,synthetic,0.01989182084798813,0.9999999999999969,1024,12,0.46777182817459106,scalar_capacity_uniform_router,"[-0.031808048486709595, 0.01971098780632019, -0.03453522175550461, -0.002199570881202817, 0.12486274540424347, -0.0010998632060363889]",0.01248850580304861,0.09816142916679382,305.55322265625,-304.55322265625,,nominal,2.384185791015625e-07,5,5,5,5,,2,0.02,RESOLVED,2.220446049250313e-16,nan,nan
0.004722802434116602,synthetic,0.019054096192121506,0.9999999999999969,1024,12,0.4744744300842285,constant_mean_target,"[-1.1191470861149355e-07, 7.39053476195295e-08, -1.348966094383286e-07, 1.9606092394042207e-07, 1.4542365533998236e-07, 1.3681071777682519e-06]",2.5611430487515463e-07,0.0009285259293392301,1.0056991577148438,-0.00569915771484375,train_mean_evaluated_on_validation,nominal,1.1920928955078125e-07,5,5,5,5,,2,0.02,RESOLVED,2.220446049250313e-16,nan,nan
0.0009128262172453105,ieee118_rich,0.004005096387118101,0.9506251567548513,1024,12,0.4652612805366516,input_only_simplex_router,"[0.1927328109741211, 0.024524932727217674, -0.0004858621396124363, 0.035123538225889206, -0.0767802968621254, 0.01546724233776331, 0.1374027281999588]",0.04685501009225845,0.0009517003200016916,2.31929349899292,-1.319293737411499,,nominal,1.1920928955078125e-07,5,6,6,6,,0,0.02,RESOLVED,2.220446049250313e-16,0.002997784875333309,0.005869622807949781
0.0008805537945590913,ieee118_rich,0.004380298312753439,0.9506251567548513,1024,12,0.4652612805366516,random_geometry_router,"[-0.09627862274646759, -0.05052102729678154, 0.10118270665407181, -0.010908769443631172, -0.13090984523296356, -0.002011507283896208, 0.0063501582480967045]",-0.026156699284911156,0.0004922407097183168,1.1995905637741089,-0.1995905637741089,,nominal,1.1920928955078125e-07,5,6,6,6,,0,0.02,RESOLVED,2.220446049250313e-16,0.003248069668188691,0.005753092933446169
0.014872729778289795,ieee118_rich,0.0038234353996813297,0.9506251567548513,1024,12,0.47172608971595764,scalar_capacity_uniform_router,"[-0.05844021961092949, 0.08220353722572327, 0.050774894654750824, -0.08890977501869202, 0.06487405300140381, -0.09515919536352158, 0.025089336559176445]",-0.0027953374665230513,0.07153236865997314,141.5609588623047,-140.5609588623047,,nominal,2.384185791015625e-07,5,6,6,6,,0,0.02,RESOLVED,2.220446049250313e-16,nan,nan
0.0021574331913143396,ieee118_rich,0.010577473789453506,0.9506251567548513,1024,12,0.4652612805366516,constant_mean_target,"[-1.1760885598732784e-07, 0.0, 1.227753330113046e-07, -1.5344217274559924e-07, 4.815682430603374e-08, -4.501151806834969e-08, 5.342599251889624e-07]",5.558993265708523e-08,0.0004134625487495214,1.00760817527771,-0.007608175277709961,train_mean_evaluated_on_validation,nominal,0.0,5,6,6,6,,0,0.02,RESOLVED,2.220446049250313e-16,nan,nan
0.0009246678673662245,ieee118_rich,0.004228009842336178,0.9506251567548513,1024,12,0.4652612805366516,input_only_simplex_router,"[0.12885266542434692, -0.016035206615924835, 0.021273110061883926, 0.10122451931238174, -0.22706270217895508, -0.037615325301885605, 0.03630567714571953]",0.0009918202413246036,0.0008360231295228004,2.037388324737549,-1.0373883247375488,,nominal,1.1920928955078125e-07,5,6,6,6,,1,0.02,RESOLVED,2.220446049250313e-16,0.0024814805947244167,0.005988700781017542
0.0008722319616936147,ieee118_rich,0.004320847801864147,0.9506251567548513,1024,12,0.4652612805366516,random_geometry_router,"[-0.01363434735685587, -0.06487848609685898, -0.007224150002002716, 0.12513141334056854, -0.08045347034931183, -0.04116745665669441, 0.013224153779447079]",-0.009857477620244026,0.0005384301184676588,1.3121540546417236,-0.3121541738510132,,nominal,1.1920928955078125e-07,5,6,6,6,,1,0.02,RESOLVED,2.220446049250313e-16,0.0037031485699117184,0.0057315099984407425
0.014922006987035275,ieee118_rich,0.003964528441429138,0.9506251567548513,1024,12,0.47122058272361755,scalar_capacity_uniform_router,"[0.0060027120634913445, 0.08014964312314987, -0.008356520906090736, -0.15320126712322235, -0.03519981727004051, -0.029409877955913544, 0.04138194024562836]",-0.014090455137193203,0.07139214873313904,171.19241333007812,-170.19241333007812,,nominal,2.384185791015625e-07,5,6,6,6,,1,0.02,RESOLVED,2.220446049250313e-16,nan,nan
0.0021574331913143396,ieee118_rich,0.010577473789453506,0.9506251567548513,1024,12,0.4652612805366516,constant_mean_target,"[-1.1760885598732784e-07, 0.0, 1.227753330113046e-07, -1.5344217274559924e-07, 4.815682430603374e-08, -4.501151806834969e-08, 5.342599251889624e-07]",5.558993265708523e-08,0.0004134625487495214,1.00760817527771,-0.007608175277709961,train_mean_evaluated_on_validation,nominal,0.0,5,6,6,6,,1,0.02,RESOLVED,2.220446049250313e-16,nan,nan
0.0008865314302965999,ieee118_rich,0.003898071590811014,0.9506251567548513,1024,12,0.4652612805366516,input_only_simplex_router,"[0.11368641257286072, -0.02366153709590435, -0.019611673429608345, 0.09088656306266785, -0.04803703725337982, 0.023864731192588806, 0.0774293765425682]",0.030650977045297623,0.0009431675425730646,2.29849910736084,-1.2984991073608398,,nominal,1.1920928955078125e-07,5,6,6,6,,2,0.02,RESOLVED,2.220446049250313e-16,0.0032162729185074568,0.005727769806981087
0.0008873248007148504,ieee118_rich,0.004371428396552801,0.9506251567548513,1024,12,0.4652612805366516,random_geometry_router,"[0.10014569759368896, 0.055820055305957794, -0.07879378646612167, -0.06632692366838455, -0.05528663471341133, -0.007190434727817774, 0.10462366789579391]",0.007570232730358839,0.0005124876042827964,1.2489322423934937,-0.24893224239349365,,nominal,1.1920928955078125e-07,5,6,6,6,,2,0.02,RESOLVED,2.220446049250313e-16,0.0034962717909365892,0.005771240219473839
0.01494628470391035,ieee118_rich,0.0036128738429397345,0.9506251567548513,1024,12,0.4729401469230652,scalar_capacity_uniform_router,"[-0.005943994503468275, 0.1496909260749817, 0.03564596548676491, -0.181798055768013, -0.05192149057984352, 0.16601340472698212, -0.04855179786682129]",0.009019278921186924,0.07165373116731644,153.1822967529297,-152.1822967529297,,nominal,2.384185791015625e-07,5,6,6,6,,2,0.02,RESOLVED,2.220446049250313e-16,nan,nan
0.0021574331913143396,ieee118_rich,0.010577473789453506,0.9506251567548513,1024,12,0.4652612805366516,constant_mean_target,"[-1.1760885598732784e-07, 0.0, 1.227753330113046e-07, -1.5344217274559924e-07, 4.815682430603374e-08, -4.501151806834969e-08, 5.342599251889624e-07]",5.558993265708523e-08,0.0004134625487495214,1.00760817527771,-0.007608175277709961,train_mean_evaluated_on_validation,nominal,0.0,5,6,6,6,,2,0.02,RESOLVED,2.220446049250313e-16,nan,nan
0.00026275173877365887,coupled_duffing,0.001571868546307087,0.9130923145249098,1024,16,0.495595782995224,input_only_simplex_router,"[0.11212640255689621, -0.04799939692020416, -0.011308599263429642, 0.001942124217748642, -0.10599559545516968, -0.10197658091783524, -0.0018445176538079977, 0.039578258991241455, -0.056807421147823334, 0.04451021924614906, -0.05516085401177406, 0.053077928721904755, 0.024368533864617348]",-0.008114575408399105,0.0006129189277999103,1.0996191501617432,-0.09961903095245361,,nominal,1.7881393432617188e-07,12,12,12,10,,0,0.02,RESOLVED,3.3306690738754696e-16,0.0023464905098080635,0.0024475392419844866
0.00027687070542015135,coupled_duffing,0.0017122601857408881,0.9130923145249098,1024,16,0.495595782995224,random_geometry_router,"[0.015236016362905502, -0.024646418169140816, 0.00862474087625742, 0.024997100234031677, -0.019368506968021393, -0.12171461433172226, 0.10151633620262146, -0.05194457620382309, -0.002302544889971614, -0.03635590896010399, 0.007137315347790718, 0.02074323035776615, 0.004245072603225708]",-0.005679443012923002,0.0006274778279475868,1.1257388591766357,-0.1257387399673462,,nominal,1.7881393432617188e-07,12,12,12,10,,0,0.02,RESOLVED,3.3306690738754696e-16,0.002374581526964903,0.002616608515381813
0.0007110157748684287,coupled_duffing,0.0015927613712847233,0.9130923145249098,1024,16,0.49748495221138,scalar_capacity_uniform_router,"[-0.03157154470682144, 0.0016836310969665647, -0.003469569142907858, 0.07420989125967026, -0.015895593911409378, 0.028934596106410027, -0.024769093841314316, -0.005438025109469891, 0.04539996758103371, -0.010252658277750015, -0.0176235418766737, -0.041100356727838516, 0.006634638644754887]",0.0005186418420635164,0.002559317508712411,5.0847368240356445,-4.0847368240356445,,nominal,2.384185791015625e-07,12,12,12,10,,0,0.02,RESOLVED,3.3306690738754696e-16,nan,nan
0.00026578453253023326,coupled_duffing,0.0017758514732122421,0.9130923145249098,1024,16,0.495595782995224,constant_mean_target,"[0.0, 1.2102878699238317e-08, 0.0, 0.0, 0.0, 6.847142941523998e-08, -1.1269190025586795e-07, 1.102180391399088e-07, 0.0, 3.4092973777433144e-08, -1.7322376777428872e-07, 1.937597815526715e-08, 4.74980552667148e-08]",4.4951448119334714e-10,0.0005596646224148571,1.0040771961212158,-0.00407719612121582,train_mean_evaluated_on_validation,nominal,0.0,12,12,12,10,,0,0.02,RESOLVED,3.3306690738754696e-16,nan,nan
0.0002689436078071594,coupled_duffing,0.0016093171434476972,0.9130923145249098,1024,16,0.495595782995224,input_only_simplex_router,"[0.10060516744852066, -0.019444840028882027, -0.0031820754520595074, -0.08649541437625885, -0.0938723236322403, -0.2177245318889618, 0.021456854417920113, 0.012615474872291088, -0.09645164757966995, -0.058855656534433365, 0.04269691929221153, 0.014733770862221718, -0.0787232518196106]",-0.03558780997991562,0.0006268396973609924,1.12459397315979,-0.12459397315979004,,nominal,1.7881393432617188e-07,12,12,12,10,,1,0.02,RESOLVED,3.3306690738754696e-16,0.0023201354779303074,0.002505100332200527
0.0002545001916587353,coupled_duffing,0.0015508616343140602,0.9130923145249098,1024,16,0.495595782995224,random_geometry_router,"[0.08462736010551453, 0.03855011612176895, -0.05296828970313072, -0.027348576113581657, -0.10633796453475952, -0.16487736999988556, 0.08718422055244446, 0.03870293125510216, -0.08268667757511139, 0.06032366305589676, -0.13160152733325958, 0.11255097389221191, -0.031642183661460876]",-0.013501795008778572,0.00058822549181059,1.0553174018859863,-0.05531740188598633,,nominal,1.7881393432617188e-07,12,12,12,10,,1,0.02,RESOLVED,3.3306690738754696e-16,0.0020690634846687317,0.0023935872595757246
0.000725358841009438,coupled_duffing,0.0018767808796837926,0.9130923145249098,1024,16,0.4916090667247772,scalar_capacity_uniform_router,"[0.019069207832217216, -0.019633423537015915, 0.009747774340212345, 0.01324068196117878, 0.010847858153283596, 0.034006014466285706, -0.03961927816271782, 0.011953368782997131, 0.03875560313463211, -0.04998312518000603, 0.0024844184517860413, 0.004845179617404938, -0.026204224675893784]",0.000731542706489563,0.0026068035513162613,4.9818620681762695,-3.9818620681762695,,nominal,2.384185791015625e-07,12,12,12,10,,1,0.02,RESOLVED,3.3306690738754696e-16,nan,nan
0.00026578453253023326,coupled_duffing,0.0017758514732122421,0.9130923145249098,1024,16,0.495595782995224,constant_mean_target,"[0.0, 1.2102878699238317e-08, 0.0, 0.0, 0.0, 6.847142941523998e-08, -1.1269190025586795e-07, 1.102180391399088e-07, 0.0, 3.4092973777433144e-08, -1.7322376777428872e-07, 1.937597815526715e-08, 4.74980552667148e-08]",4.4951448119334714e-10,0.0005596646224148571,1.0040771961212158,-0.00407719612121582,train_mean_evaluated_on_validation,nominal,0.0,12,12,12,10,,1,0.02,RESOLVED,3.3306690738754696e-16,nan,nan
0.0002688074018806219,coupled_duffing,0.0016101032961159945,0.9130923145249098,1024,16,0.495595782995224,input_only_simplex_router,"[0.11884050071239471, 0.0005214600823819637, 0.030991818755865097, 0.07379652559757233, -0.12448964267969131, -0.11592982709407806, 0.008328358642756939, -0.03979512304067612, -0.13700087368488312, 0.025766877457499504, 0.0060605634935200214, 0.028194306418299675, 0.04996703565120697]",-0.005749846808612347,0.0006264765979722142,1.123942494392395,-0.12394249439239502,,nominal,1.1920928955078125e-07,12,12,12,10,,2,0.02,RESOLVED,3.3306690738754696e-16,0.002398556564003229,0.0025053871795535088
0.00026205708854831755,coupled_duffing,0.0016084650997072458,0.9130923145249098,1024,16,0.495595782995224,random_geometry_router,"[0.034386325627565384, -0.006425658706575632, 0.011483579874038696, 0.1272265613079071, 0.04087771102786064, -0.027552055194973946, -0.018744146451354027, -0.053965575993061066, -0.026823002845048904, 0.02404739148914814, -0.12376127392053604, 0.1529904156923294, -0.011791236698627472]",0.009380695410072803,0.0006014510872773826,1.079045057296753,-0.07904493808746338,,nominal,1.1920928955078125e-07,12,12,12,10,,2,0.02,RESOLVED,3.3306690738754696e-16,0.002335298340767622,0.0024719731882214546
0.0007238382240757346,coupled_duffing,0.0020471778698265553,0.9130923145249098,1024,16,0.49515947699546814,scalar_capacity_uniform_router,"[-0.003074751701205969, -0.03909540921449661, 0.02020389400422573, -0.012334003113210201, -0.028735997155308723, 0.016359230503439903, 0.01399951707571745, 0.00534735806286335, -0.0019410955719649792, 0.007557009346783161, -0.011835417710244656, 0.02187822014093399, 0.01215012650936842]",3.68215587513987e-05,0.00250528147444129,4.6108245849609375,-3.6108245849609375,,nominal,2.384185791015625e-07,12,12,12,10,,2,0.02,RESOLVED,3.3306690738754696e-16,nan,nan
0.00026578453253023326,coupled_duffing,0.0017758514732122421,0.9130923145249098,1024,16,0.495595782995224,constant_mean_target,"[0.0, 1.2102878699238317e-08, 0.0, 0.0, 0.0, 6.847142941523998e-08, -1.1269190025586795e-07, 1.102180391399088e-07, 0.0, 3.4092973777433144e-08, -1.7322376777428872e-07, 1.937597815526715e-08, 4.74980552667148e-08]",4.4951448119334714e-10,0.0005596646224148571,1.0040771961212158,-0.00407719612121582,train_mean_evaluated_on_validation,nominal,0.0,12,12,12,10,,2,0.02,RESOLVED,3.3306690738754696e-16,nan,nan
0.0001079554931493476,allen_cahn_2d,0.0010430687107145786,0.7693359773419108,1536,12,0.4653668701648712,input_only_simplex_router,"[0.03679945692420006, 0.02856888808310032, -0.03648131340742111, -0.09155493229627609, -0.03240487724542618, 0.0894312933087349, -0.01548154465854168, -0.005594836547970772, -0.04569520801305771, 0.09221906960010529, -0.0642358660697937, -0.03660391643643379, 0.09234122186899185, 0.030628493055701256, -0.01340579241514206]",0.0019020084291696548,0.00017897048383019865,1.9962259531021118,-0.9962259531021118,,nominal,1.1920928955078125e-07,23,14,14,10,,0,0.02,RESOLVED,2.220446049250313e-16,0.0006360541447065771,0.001329994760453701
0.0001148861920228228,allen_cahn_2d,0.001093186903744936,0.7693359773419108,1536,12,0.4653668701648712,random_geometry_router,"[-0.025348152965307236, 0.019837403669953346, 0.023512644693255424, -0.1377437710762024, -0.04382822662591934, 0.02472395822405815, -0.10547485947608948, 0.04550740867853165, -0.033247556537389755, 0.05032457783818245, -0.08509975671768188, 0.007749953772872686, -0.07999800145626068, -0.07581876963376999, -0.04121938347816467]",-0.030408170074224472,0.00011270373943261802,1.25709068775177,-0.25709068775177,,nominal,1.1920928955078125e-07,23,14,14,10,,0,0.02,RESOLVED,2.220446049250313e-16,0.0005011362954974174,0.0013207767624408007
0.007761648390442133,allen_cahn_2d,0.0011590337380766869,0.7693359773419108,1536,12,0.46882757544517517,scalar_capacity_uniform_router,"[-0.0022292446810752153, 0.02435399405658245, -0.038822319358587265, -0.010148669593036175, 0.026293868198990822, 0.08122489601373672, 0.12036977708339691, -0.05994654446840286, -0.04505863040685654, -0.0014833244495093822, 0.03817601501941681, -0.07133080810308456, 0.027630897238850594, -0.0889626294374466, 0.003182335989549756]",0.00021664102678187191,0.03489810228347778,389.8587951660156,-388.85882568359375,,nominal,2.384185791015625e-07,23,14,14,10,,0,0.02,RESOLVED,2.220446049250313e-16,nan,nan
0.0014975419035181403,allen_cahn_2d,0.015007405541837215,0.7693359773419108,1536,12,0.4653668701648712,constant_mean_target,"[6.765650084616937e-08, 0.0, -6.660289386672957e-08, 0.0, 0.0, 0.0, 1.53600112184904e-07, 0.0, 0.0, 3.0027248953956587e-07, -5.4023342244136074e-08, 6.707240629566513e-08, -2.0293079217026389e-07, -3.691835814834121e-08, 1.271697215088352e-06]",9.99882274754782e-08,8.979372069006786e-05,1.0015537738800049,-0.0015537738800048828,train_mean_evaluated_on_validation,nominal,0.0,23,14,14,10,,0,0.02,RESOLVED,2.220446049250313e-16,nan,nan
0.00010895042214542627,allen_cahn_2d,0.0010896697640419006,0.7693359773419108,1536,12,0.4653668701648712,input_only_simplex_router,"[0.05592498928308487, 0.08530264347791672, -0.020033560693264008, -0.04097718000411987, -0.018855102360248566, 0.04508324712514877, -0.0407533273100853, -0.037055227905511856, -0.06530460715293884, 0.09204857051372528, -0.08237726986408234, -0.008617968298494816, 0.05674970895051956, -0.030679089948534966, -0.003197580110281706]",-0.0008494503563269973,0.00013799007865600288,1.5391329526901245,-0.5391329526901245,,nominal,1.1920928955078125e-07,23,14,14,10,,1,0.02,RESOLVED,2.220446049250313e-16,0.000488824094645679,0.0013366102939471602
0.00012434928794391453,allen_cahn_2d,0.0011971273925155401,0.7693359773419108,1536,12,0.4653668701648712,random_geometry_router,"[-0.0138211939483881, 0.06456546485424042, -0.08818631619215012, -0.0976429358124733, 0.088280089199543, -0.09535854309797287, -0.07036792486906052, 0.013216872699558735, 0.014546104706823826, -0.007939510978758335, -0.14524835348129272, -0.06276887655258179, 0.01004913728684187, -0.11065138131380081, 0.023295054212212563]",-0.0318688228726387,0.00011451248428784311,1.2772653102874756,-0.2772653102874756,,nominal,1.1920928955078125e-07,23,14,14,10,,1,0.02,RESOLVED,2.220446049250313e-16,0.0005527734756469727,0.0014359889319166541
0.007563240826129913,allen_cahn_2d,0.0010767041239887476,0.7693359773419108,1536,12,0.4619501829147339,scalar_capacity_uniform_router,"[-0.02257896214723587, 0.04428916797041893, -0.10716603696346283, 0.026066867634654045, -0.01183331198990345, -0.009934240952134132, -0.08912280946969986, -0.017907116562128067, -0.00989407580345869, 0.06516319513320923, -0.05557563528418541, 0.09834963083267212, -0.007754913065582514, -0.016843821853399277, 0.03294236585497856]",-0.005453312303870916,0.03508860617876053,403.6252746582031,-402.6252746582031,,nominal,2.384185791015625e-07,23,14,14,10,,1,0.02,RESOLVED,2.220446049250313e-16,nan,nan
0.0014975419035181403,allen_cahn_2d,0.015007405541837215,0.7693359773419108,1536,12,0.4653668701648712,constant_mean_target,"[6.765650084616937e-08, 0.0, -6.660289386672957e-08, 0.0, 0.0, 0.0, 1.53600112184904e-07, 0.0, 0.0, 3.0027248953956587e-07, -5.4023342244136074e-08, 6.707240629566513e-08, -2.0293079217026389e-07, -3.691835814834121e-08, 1.271697215088352e-06]",9.99882274754782e-08,8.979372069006786e-05,1.0015537738800049,-0.0015537738800048828,train_mean_evaluated_on_validation,nominal,0.0,23,14,14,10,,1,0.02,RESOLVED,2.220446049250313e-16,nan,nan
0.00011133546649944037,allen_cahn_2d,0.0010362955508753657,0.7693359773419108,1536,12,0.4653668701648712,input_only_simplex_router,"[0.014394823461771011, 0.06724276393651962, -0.057397495955228806, 0.015277134254574776, 7.427801756421104e-05, -0.04381541535258293, 0.034626591950654984, -0.020475849509239197, -0.11739345639944077, 0.06496176868677139, -0.0006850322824902833, 0.021084396168589592, 0.011017796583473682, -0.03970371559262276, -0.011903692968189716]",-0.0041796742007136345,0.00016717049584258348,1.8646095991134644,-0.8646097183227539,,nominal,2.384185791015625e-07,23,14,14,10,,2,0.02,RESOLVED,2.220446049250313e-16,0.0005689336685463786,0.0013148015132173896
0.00010647076123859733,allen_cahn_2d,0.0010375474812462926,0.7693359773419108,1536,12,0.4653668701648712,random_geometry_router,"[0.059431035071611404, 0.05902405083179474, 0.01028051320463419, 0.08867369592189789, 0.04832969233393669, -0.023511143401265144, 0.036308176815509796, -0.0438738614320755, -0.06211695447564125, 0.06360560655593872, -0.09190226346254349, -0.08393899351358414, 0.012084290385246277, -0.007250661961734295, 0.036625348031520844]",0.006784567143768072,0.00010640393156791106,1.1868230104446411,-0.1868230104446411,,nominal,2.384185791015625e-07,23,14,14,10,,2,0.02,RESOLVED,2.220446049250313e-16,0.0004352827381808311,0.001250422210432589
0.007896294817328453,allen_cahn_2d,0.0011700321920216084,0.7693359773419108,1536,12,0.4705791771411896,scalar_capacity_uniform_router,"[0.040513720363378525, 0.13339018821716309, -0.026073353365063667, 0.04044024646282196, 0.030271824449300766, 0.025114625692367554, 0.05618814006447792, -0.018046297132968903, -0.06607213616371155, -0.009043528698384762, -0.03975437954068184, -0.0010696523822844028, 0.036104440689086914, -0.11540348827838898, -0.0420210026204586]",0.0029692903626710176,0.035170454531908035,403.0879211425781,-402.0879211425781,,nominal,2.384185791015625e-07,23,14,14,10,,2,0.02,RESOLVED,2.220446049250313e-16,nan,nan
0.0014975419035181403,allen_cahn_2d,0.015007405541837215,0.7693359773419108,1536,12,0.4653668701648712,constant_mean_target,"[6.765650084616937e-08, 0.0, -6.660289386672957e-08, 0.0, 0.0, 0.0, 1.53600112184904e-07, 0.0, 0.0, 3.0027248953956587e-07, -5.4023342244136074e-08, 6.707240629566513e-08, -2.0293079217026389e-07, -3.691835814834121e-08, 1.271697215088352e-06]",9.99882274754782e-08,8.979372069006786e-05,1.0015537738800049,-0.0015537738800048828,train_mean_evaluated_on_validation,nominal,0.0,23,14,14,10,,2,0.02,RESOLVED,2.220446049250313e-16,nan,nan
4.4274216634221375e-05,shallow_water_2d,0.0003349398903083056,0.5676934018403362,1280,16,0.4881799519062042,input_only_simplex_router,"[0.05897824093699455, -0.00907464511692524, 0.036172445863485336, -0.055149830877780914, 0.02128191664814949, -0.1006445661187172, 0.002359710168093443, 0.06933681666851044, -0.02386387065052986, -0.007779825013130903, 0.13679249584674835, -0.014799383468925953, -0.03880404308438301, 0.04106733575463295, -0.24555237591266632, 0.1607607752084732, -0.01961793377995491]",0.0006743090925738215,0.0001083873794414103,1.7816436290740967,-0.7816436290740967,,nominal,1.1920928955078125e-07,44,16,16,12,,0,0.02,RESOLVED,2.220446049250313e-16,0.0002148952626157552,0.00048760150093585253
4.023750079795718e-05,shallow_water_2d,0.00035147368907928467,0.5676934018403362,1280,16,0.4881799519062042,random_geometry_router,"[0.01331254467368126, -0.02172764763236046, 0.012770412489771843, 0.016248293220996857, -0.07154158502817154, 0.026740901172161102, 0.056770164519548416, -0.10470569133758545, -0.024338005110621452, 0.020598798990249634, -0.00962608028203249, 0.05523548275232315, -0.04383653774857521, 0.031850434839725494, 0.027591794729232788, 0.020444847643375397, -0.0419795848429203]",-0.0021289100404828787,7.869189721532166e-05,1.293516993522644,-0.2935168743133545,,nominal,1.1920928955078125e-07,44,16,16,12,,0,0.02,RESOLVED,2.220446049250313e-16,0.00017881147505249828,0.0004704031453002244
0.0067774285562336445,shallow_water_2d,0.00033167016226798296,0.5676934018403362,1280,16,0.4928432106971741,scalar_capacity_uniform_router,"[-0.02781558595597744, 0.07855678349733353, -0.017559261992573738, -0.07469382137060165, 0.06846847385168076, 0.04465343430638313, 0.0034763342700898647, -0.050428152084350586, 0.0400242917239666, 0.02766428142786026, -0.005200783256441355, 0.02080577425658703, -0.04485495388507843, -0.04598237946629524, -0.028285937383770943, 0.009860530495643616, 0.0005618875147774816]",-4.4063828681828454e-05,0.02902645617723465,517.1609497070312,-516.160888671875,,nominal,2.384185791015625e-07,44,16,16,12,,0,0.02,RESOLVED,2.220446049250313e-16,nan,nan
0.00044666032772511244,shallow_water_2d,0.0052330270409584045,0.5676934018403362,1280,16,0.4881799519062042,constant_mean_target,"[2.3199230980708307e-08, 0.0, 2.4300848622260673e-07, 0.0, 2.968254477764276e-07, 1.4536533399223117e-07, -5.164883276620458e-08, 0.0, -1.8278421975992387e-07, 0.0, 0.0, 1.482026732446684e-07, -1.3165433188078168e-07, 0.0, -2.6637508199200965e-07, 0.0, -2.3539874405287264e-07]",-6.623545600881187e-10,6.098110679886304e-05,1.0023915767669678,-0.0023915767669677734,train_mean_evaluated_on_validation,nominal,0.0,44,16,16,12,,0,0.02,RESOLVED,2.220446049250313e-16,nan,nan
4.0494305721949786e-05,shallow_water_2d,0.0003115374711342156,0.5676934018403362,1280,16,0.4881799519062042,input_only_simplex_router,"[0.12918871641159058, -0.008287030272185802, -0.0017264195485040545, -0.16424979269504547, -0.019225427880883217, -0.055821001529693604, -0.012052560225129128, -0.06204000487923622, 0.00042376370402053, 0.16106754541397095, 0.14116109907627106, 0.008895713835954666, -0.034160684794187546, 0.011368051171302795, -0.22702445089817047, 0.03364798054099083, -0.007606630213558674]",-0.00626124395057559,0.00010564678814262152,1.7365944385528564,-0.7365944385528564,,nominal,1.7881393432617188e-07,44,16,16,12,,1,0.02,RESOLVED,2.220446049250313e-16,0.00019784907635767013,0.0004576785722747445
3.8823542126920074e-05,shallow_water_2d,0.00034747537574730814,0.5676934018403362,1280,16,0.4881799519062042,random_geometry_router,"[-0.09236136823892593, 0.0671091228723526, -0.013465858064591885, -0.02248232625424862, -0.04314188286662102, 0.04318704828619957, 0.04007672145962715, 0.02147664688527584, 0.007907262071967125, -0.12161438912153244, -0.035747986286878586, 0.09401010721921921, -0.06849799305200577, 0.021283892914652824, 0.033279817551374435, 0.04125390201807022, -0.030663909390568733]",-0.003434775397181511,7.875887240516022e-05,1.2946178913116455,-0.2946178913116455,,nominal,2.384185791015625e-07,44,16,16,12,,1,0.02,RESOLVED,2.220446049250313e-16,0.000298381841275841,0.0004650577320717275
0.006801245734095573,shallow_water_2d,0.000310376170091331,0.5676934018403362,1280,16,0.4925251603126526,scalar_capacity_uniform_router,"[0.004781980998814106, -0.011861889623105526, -0.03384602069854736, 0.014923431910574436, 0.013550194911658764, -0.026862720027565956, 0.032467108219861984, -0.03600354120135307, -0.012508496642112732, -0.017999904230237007, -0.014546561054885387, 0.05528905615210533, 0.033739298582077026, -0.015532446093857288, -0.05703263357281685, -0.0010996200144290924, 0.01789139024913311]",-0.003214786294847727,0.029130101203918457,477.15887451171875,-476.1589050292969,,nominal,2.384185791015625e-07,44,16,16,12,,1,0.02,RESOLVED,2.220446049250313e-16,nan,nan
0.00044666032772511244,shallow_water_2d,0.0052330270409584045,0.5676934018403362,1280,16,0.4881799519062042,constant_mean_target,"[2.3199230980708307e-08, 0.0, 2.4300848622260673e-07, 0.0, 2.968254477764276e-07, 1.4536533399223117e-07, -5.164883276620458e-08, 0.0, -1.8278421975992387e-07, 0.0, 0.0, 1.482026732446684e-07, -1.3165433188078168e-07, 0.0, -2.6637508199200965e-07, 0.0, -2.3539874405287264e-07]",-6.623545600881187e-10,6.098110679886304e-05,1.0023915767669678,-0.0023915767669677734,train_mean_evaluated_on_validation,nominal,0.0,44,16,16,12,,1,0.02,RESOLVED,2.220446049250313e-16,nan,nan
4.199771865387447e-05,shallow_water_2d,0.0003382092691026628,0.5676934018403362,1280,16,0.4881799519062042,input_only_simplex_router,"[0.023748381063342094, -0.04282108694314957, 0.0758904442191124, -0.06913001835346222, -0.0166508499532938, -0.019222179427742958, 0.08331456780433655, -0.0020335346926003695, -0.03742578998208046, 0.05415712296962738, 0.22025066614151, -0.024762336164712906, -0.01122452411800623, -0.03192426264286041, -0.18058596551418304, 0.061646413058042526, 0.03523828461766243]",0.006968548521399498,0.00010601395479170606,1.742629885673523,-0.742629885673523,,nominal,2.384185791015625e-07,44,16,16,12,,2,0.02,RESOLVED,2.220446049250313e-16,0.00020826980471611023,0.0004862209898419678
3.6062250728718936e-05,shallow_water_2d,0.00029379784245975316,0.5676934018403362,1280,16,0.4881799519062042,random_geometry_router,"[0.00945460144430399, 0.026199284940958023, -0.06301376968622208, 0.030010320246219635, -0.05722063407301903, -0.003075764048844576, 0.07362537086009979, -0.08924036473035812, -0.07107371836900711, -0.010527304373681545, 0.07939200103282928, 0.010025445371866226, -0.052406974136829376, -0.011782528832554817, 0.04217091575264931, 0.0363655649125576, -0.14059457182884216]",-0.011276007629930973,8.150188659783453e-05,1.3397067785263062,-0.33970677852630615,,nominal,1.1920928955078125e-07,44,16,16,12,,2,0.02,RESOLVED,2.220446049250313e-16,0.0002232797269243747,0.00041136195068247616
0.006744507234543562,shallow_water_2d,0.00035531618050299585,0.5676934018403362,1280,16,0.4905961751937866,scalar_capacity_uniform_router,"[0.10323341190814972, 0.07719305157661438, 0.02052178792655468, 0.008860116824507713, 0.04264611005783081, -0.02405310422182083, -0.08789129555225372, -0.03528011217713356, -0.03191595524549484, -0.029593458399176598, -0.027350272983312607, 0.02493537962436676, 0.03162289038300514, -0.009135507978498936, -0.03669770061969757, -0.044708579778671265, -0.000531456433236599]",-0.0010673351353034377,0.02909243293106556,515.6600341796875,-514.6600341796875,,nominal,2.384185791015625e-07,44,16,16,12,,2,0.02,RESOLVED,2.220446049250313e-16,nan,nan
0.00044666032772511244,shallow_water_2d,0.0052330270409584045,0.5676934018403362,1280,16,0.4881799519062042,constant_mean_target,"[2.3199230980708307e-08, 0.0, 2.4300848622260673e-07, 0.0, 2.968254477764276e-07, 1.4536533399223117e-07, -5.164883276620458e-08, 0.0, -1.8278421975992387e-07, 0.0, 0.0, 1.482026732446684e-07, -1.3165433188078168e-07, 0.0, -2.6637508199200965e-07, 0.0, -2.3539874405287264e-07]",-6.623545600881187e-10,6.098110679886304e-05,1.0023915767669678,-0.0023915767669677734,train_mean_evaluated_on_validation,nominal,0.0,44,16,16,12,,2,0.02,RESOLVED,2.220446049250313e-16,nan,nan
0.00197414169088006,synthetic,0.008076733909547329,0.9999999999999969,1024,12,0.4744744300842285,ga_nrl_geometry_router,"[-0.11784660816192627, -0.05207403376698494, -0.10745097696781158, -0.09795059263706207, -0.07652423530817032, 0.8886551856994629]",0.07280146330595016,0.000490339647512883,0.5310935974121094,0.4689064025878906,,nominal,1.1920928955078125e-07,5,5,5,5,fraction_weight_10_validation_selected,0,0.02,RESOLVED,2.220446049250313e-16,0.009362699463963509,0.013590529561042786
0.002230937359854579,synthetic,0.00921641942113638,0.9999999999999969,1024,12,0.4744744300842285,ga_nrl_geometry_router,"[-0.16255106031894684, -0.08146026730537415, -0.013270010240375996, -0.12136591225862503, -0.057156194001436234, 0.8870063424110413]",0.07520047575235367,0.000511258200276643,0.55375075340271,0.44624924659729004,,nominal,1.1920928955078125e-07,5,5,5,5,fraction_weight_10_validation_selected,1,0.02,RESOLVED,2.220446049250313e-16,0.008590943180024624,0.015176256187260151
0.002262889640405774,synthetic,0.009264588356018066,0.9999999999999969,1024,12,0.4744744300842285,ga_nrl_geometry_router,"[-0.13686662912368774, -0.09248833358287811, 0.07155970484018326, -0.09373302757740021, -0.06654699146747589, 0.8974841237068176]",0.09656814485788345,0.00047609853208996356,0.5156688094139099,0.4843311309814453,,nominal,1.1920928955078125e-07,5,5,5,5,fraction_weight_10_validation_selected,2,0.02,RESOLVED,2.220446049250313e-16,0.00926065631210804,0.014958509244024754
0.0007581486133858562,ieee118_rich,0.003822635393589735,0.9506251567548513,1024,12,0.4652612805366516,ga_nrl_geometry_router,"[0.10548783093690872, -0.13304217159748077, -0.06745260953903198, 0.06760791689157486, 0.10778090357780457, -0.034853704273700714, -0.0729529857635498]",-0.003917831461876631,0.0004260856658220291,1.0383707284927368,-0.038370728492736816,,nominal,1.1920928955078125e-07,5,6,6,6,fraction_weight_10_validation_selected,0,0.02,RESOLVED,2.220446049250313e-16,0.00654851458966732,0.008841641247272491
0.0008005098788999021,ieee118_rich,0.004036172293126583,0.9506251567548513,1024,12,0.4652612805366516,ga_nrl_geometry_router,"[-0.04824066162109375, 0.006906919647008181, 0.09095904231071472, -0.006406688597053289, 0.13611431419849396, -0.08109795302152634, 0.06043146178126335]",0.022666633129119873,0.0004232162027619779,1.0313777923583984,-0.03137779235839844,,nominal,1.1920928955078125e-07,5,6,6,6,fraction_weight_10_validation_selected,1,0.02,RESOLVED,2.220446049250313e-16,0.006049303337931633,0.00906884390860796
0.0007116444176062942,ieee118_rich,0.0035854936577379704,0.9506251567548513,1024,12,0.4652612805366516,ga_nrl_geometry_router,"[-0.03790104016661644, 0.05901997908949852, -0.10749547183513641, 0.045330390334129333, -0.04696762561798096, -0.06196904927492142, -0.025786608457565308]",-0.025109916925430298,0.00042279710760340095,1.030356526374817,-0.030356526374816895,,nominal,1.1920928955078125e-07,5,6,6,6,fraction_weight_10_validation_selected,2,0.02,RESOLVED,2.220446049250313e-16,0.007140884175896645,0.00852510891854763
0.0002464975696057081,coupled_duffing,0.0015324355335906148,0.9130923145249098,1024,16,0.495595782995224,ga_nrl_geometry_router,"[0.055068276822566986, 0.060064647346735, 0.060544028878211975, -0.037007492035627365, 0.02962491288781166, -0.047508276998996735, -0.012715470045804977, 0.057766448706388474, -0.01877780072391033, -0.0820067971944809, -0.017133120447397232, 0.1250988245010376, 0.0779179036617279]",0.01930277794599533,0.0005602125893346965,1.0050603151321411,-0.0050601959228515625,,nominal,1.1920928955078125e-07,12,12,12,10,fraction_weight_10_validation_selected,0,0.02,RESOLVED,3.3306690738754696e-16,0.007086894474923611,0.007381059229373932
0.00024963734904304147,coupled_duffing,0.0015727204736322165,0.9130923145249098,1024,16,0.495595782995224,ga_nrl_geometry_router,"[0.05713607370853424, 0.032724589109420776, 0.07078298926353455, 0.010584097355604172, 0.07775425910949707, 0.05553906038403511, -0.007400520611554384, -0.033031295984983444, -0.058222800493240356, -0.011946097947657108, 0.1512671709060669, 0.0910663902759552, 0.06432687491178513]",0.03850621357560158,0.0005598501302301884,1.0044100284576416,-0.0044100284576416016,,nominal,1.7881393432617188e-07,12,12,12,10,fraction_weight_10_validation_selected,1,0.02,RESOLVED,3.3306690738754696e-16,0.007078324444591999,0.007420859299600124
0.0002513122162781656,coupled_duffing,0.0015887148911133409,0.9130923145249098,1024,16,0.495595782995224,ga_nrl_geometry_router,"[0.07696818560361862, -0.07427842915058136, -0.07909860461950302, -0.06956595182418823, 0.08846215158700943, 0.0843975841999054, -0.02176799066364765, 0.024928465485572815, -0.06922635436058044, -0.11466643214225769, 0.055920522660017014, 0.14070060849189758, 0.03950893506407738]",0.006329437717795372,0.0005615817499347031,1.007516622543335,-0.007516622543334961,,nominal,1.1920928955078125e-07,12,12,12,10,fraction_weight_10_validation_selected,2,0.02,RESOLVED,3.3306690738754696e-16,0.007054938469082117,0.007455844432115555
8.056330989347771e-05,allen_cahn_2d,0.000793100509326905,0.7693359773419108,1536,12,0.4653668701648712,ga_nrl_geometry_router,"[0.08843453973531723, -0.0012152382405474782, -0.025814682245254517, 0.0222771018743515, 0.024714762344956398, 0.04054403305053711, -0.04697231575846672, -0.0016959647182375193, 0.014351516030728817, 0.04975251853466034, -0.05583079531788826, -0.025273537263274193, -0.015239226631820202, 0.06265441328287125, 0.047213491052389145]",0.011860041879117489,9.103771299123764e-05,1.015429139137268,-0.015429139137268066,,nominal,1.1920928955078125e-07,23,14,14,10,fraction_weight_10_validation_selected,0,0.02,RESOLVED,2.220446049250313e-16,0.00134645018260926,0.001784040592610836
8.007325959624723e-05,allen_cahn_2d,0.000785139505751431,0.7693359773419108,1536,12,0.4653668701648712,ga_nrl_geometry_router,"[-0.009071731939911842, 0.09657358378171921, -0.07650714367628098, -0.034361306577920914, 0.05165684595704079, 0.0716419368982315, -0.04248242452740669, 0.012910441495478153, -0.09199344366788864, -0.03442082926630974, -0.013526037335395813, -0.10380125045776367, -0.0027375647332519293, 0.05398528277873993, -0.04866833984851837]",-0.011386798694729805,9.190231503453106e-05,1.0250728130340576,-0.025072813034057617,,nominal,1.1920928955078125e-07,23,14,14,10,fraction_weight_10_validation_selected,1,0.02,RESOLVED,2.220446049250313e-16,0.001426120288670063,0.0017842355882748961
8.072840137174353e-05,allen_cahn_2d,0.000786922057159245,0.7693359773419108,1536,12,0.4653668701648712,ga_nrl_geometry_router,"[0.08044411242008209, -0.017376253381371498, 0.07990063726902008, -0.004520713351666927, -0.0388125441968441, 0.05592489242553711, -0.0049992711283266544, 0.0004983539110980928, -0.04298817738890648, 0.020478645339608192, 0.05212652310729027, -0.11572398245334625, -0.022805696353316307, -0.06412458419799805, 0.005450190976262093]",-0.0011018577497452497,9.161062916973606e-05,1.0218193531036377,-0.021819472312927246,,nominal,1.1920928955078125e-07,23,14,14,10,fraction_weight_10_validation_selected,2,0.02,RESOLVED,2.220446049250313e-16,0.0014242262113839388,0.0017837565392255783
3.109650424448773e-05,shallow_water_2d,0.00029995563090778887,0.5676934018403362,1280,16,0.4881799519062042,ga_nrl_geometry_router,"[0.1419881135225296, 0.05709095671772957, 0.055768780410289764, -0.022341255098581314, -0.01521597895771265, -0.10210997611284256, 0.02964351512491703, 0.000952829432208091, -0.04249893128871918, -0.09480069577693939, 0.039255086332559586, -0.04514468088746071, 0.1162305399775505, -0.04658150672912598, -0.04950791224837303, 0.03401745855808258, 0.08816234767436981]",0.008524039760231972,6.197878246894106e-05,1.0187910795211792,-0.01879119873046875,,nominal,2.384185791015625e-07,44,16,16,12,fraction_weight_10_validation_selected,0,0.02,RESOLVED,2.220446049250313e-16,0.0007030481938272715,0.0009508400689810514
3.077216388192028e-05,shallow_water_2d,0.00028739028493873775,0.5676934018403362,1280,16,0.4881799519062042,ga_nrl_geometry_router,"[0.13581465184688568, -0.004738694056868553, 0.1054711639881134, -0.058296483010053635, 0.04442682862281799, -0.09960656613111496, 0.027804622426629066, 0.0803588479757309, 0.022825254127383232, -0.08129085600376129, 0.0418194942176342, -0.03510596603155136, 0.0843132734298706, 0.02111194282770157, -0.07254920899868011, 0.17750266194343567, 0.14635534584522247]",0.031542133539915085,6.120323087088764e-05,1.0060428380966187,-0.006042838096618652,,nominal,2.384185791015625e-07,44,16,16,12,fraction_weight_10_validation_selected,1,0.02,RESOLVED,2.220446049250313e-16,0.0007079405477270484,0.0009301946847699583
3.0166640499373898e-05,shallow_water_2d,0.00028629135340452194,0.5676934018403362,1280,16,0.4881799519062042,ga_nrl_geometry_router,"[0.17913055419921875, 0.04130404070019722, 0.010741821490228176, 0.023428920656442642, 0.013516749255359173, -0.052430227398872375, 0.05129330977797508, 0.042263463139534, -0.0444842167198658, -0.04987644404172897, -0.01658518798649311, 0.018428277224302292, 0.037285275757312775, -0.0009146929369308054, -0.07738325744867325, 0.15135595202445984, 0.09423434734344482]",0.02478286437690258,6.168953404994681e-05,1.0140365362167358,-0.01403653621673584,,nominal,1.7881393432617188e-07,44,16,16,12,fraction_weight_10_validation_selected,2,0.02,RESOLVED,2.220446049250313e-16,0.0007095840410329401,0.0009333532652817667
