benchmark,method,label,seeds,allocation_mse_mean,allocation_mse_std,capacity_mse_mean,mode_fraction_mse_mean,mode_fraction_nmse_mean,mode_fraction_mean_correlation,relative_to_nrgd,status
allen_cahn_2d,ga_nrl_geometry_router,NRGD (response geometry),3,8.045499028715615e-05,3.407382269944989e-07,0.000788387357412527,9.151688573183492e-05,1.0207737684249878,-0.00020953818845252195,1.0,RESOLVED
allen_cahn_2d,input_only_simplex_router,Raw-input control,3,0.00010941379393140475,1.7369772655003276e-06,0.001056344675210615,0.00016137701944292834,1.7999895016352336,-0.001042372042623659,1.3599379422070677,RESOLVED
allen_cahn_2d,random_geometry_router,Random-projector control,3,0.00011523541373511155,8.944377906899702e-06,0.001109287259168923,0.0001112067184294574,1.2403930028279622,-0.018497475267698366,1.432296658340505,RESOLVED
allen_cahn_2d,scalar_capacity_uniform_router,Intensity-only control,3,0.007740394677966833,0.00016754113072259684,0.0011352566846956809,0.03505238766471545,398.8573303222656,-0.0007557936381393423,96.20776350031467,RESOLVED
allen_cahn_2d,constant_mean_target,Mean-target control,3,0.0014975419035181403,0.0,0.015007405541837215,8.979372069006786e-05,1.0015537738800049,9.99882274754782e-08,18.613412271546917,RESOLVED
coupled_duffing,ga_nrl_geometry_router,NRGD (response geometry),3,0.0002491490449756384,2.4441841771505698e-06,0.001564623632778724,0.0005605481564998627,1.0056623220443726,0.02137947641313076,1.0,RESOLVED
coupled_duffing,input_only_simplex_router,Raw-input control,3,0.00026683424948714674,3.5362138379788874e-06,0.0015970963286235929,0.000622078407711039,1.1160518725713093,-0.01648407739897569,1.0709824294660153,RESOLVED
coupled_duffing,random_geometry_router,Random-projector control,3,0.00026447599520906806,1.137973213931215e-05,0.001623862306587398,0.0006057181356785198,1.086700439453125,-0.0032668475372095904,1.0615171943963435,RESOLVED
coupled_duffing,scalar_capacity_uniform_router,Intensity-only control,3,0.0007200709466512004,7.878779789814895e-06,0.0018389067069316904,0.002557134178156654,4.89247449239095,0.00042900203576815937,2.8901212393634035,RESOLVED
coupled_duffing,constant_mean_target,Mean-target control,3,0.00026578453253023326,0.0,0.0017758514732122421,0.0005596646224148571,1.0040771961212158,4.4951448119334714e-10,1.0667692206334625,RESOLVED
ieee118_rich,ga_nrl_geometry_router,NRGD (response geometry),3,0.0007567676366306841,4.44488231039943e-05,0.003814767114818096,0.0004240329920624693,1.0333683490753174,-0.0021203717527290187,1.0,RESOLVED
ieee118_rich,input_only_simplex_router,Raw-input control,3,0.0009080085049693783,1.951934224741222e-05,0.004043725940088431,0.0009102969973658522,2.218393643697103,0.026165935792960227,1.1998511313354463,RESOLVED
ieee118_rich,random_geometry_router,Random-projector control,3,0.0008800368523225188,7.559687122308583e-06,0.004357524837056796,0.0005143861441562573,1.2535589536031086,-0.009481314724932114,1.162889121739745,RESOLVED
ieee118_rich,scalar_capacity_uniform_router,Intensity-only control,3,0.014913673823078474,3.747883385205006e-05,0.003800279228016734,0.07152608285347621,155.3118896484375,-0.0026221712275097766,19.707071366685053,RESOLVED
ieee118_rich,constant_mean_target,Mean-target control,3,0.0021574331913143396,0.0,0.010577473789453506,0.0004134625487495214,1.00760817527771,5.558993265708523e-08,2.850852873307008,RESOLVED
shallow_water_2d,ga_nrl_geometry_router,NRGD (response geometry),3,3.067843620859397e-05,4.719643033955577e-07,0.00029121242308368284,6.162384912992518e-05,1.0129568179448445,0.02161634589234988,1.0,RESOLVED
shallow_water_2d,input_only_simplex_router,Raw-input control,3,4.225541367001521e-05,1.9030860903241584e-06,0.0003282288768483947,0.00010668270745857929,1.7536226511001587,0.00046053788779924315,1.3773653058032393,RESOLVED
shallow_water_2d,random_geometry_router,Random-projector control,3,3.83744312178654e-05,2.123547442757621e-06,0.0003309156357621153,7.965088540610547e-05,1.309280554453532,-0.005613231022531788,1.2508600815551199,RESOLVED
shallow_water_2d,scalar_capacity_uniform_router,Intensity-only control,3,0.00677439384162426,2.8490725726518638e-05,0.0003324541709541033,0.029082996770739555,503.3266194661458,-0.001442061752944331,220.81939886253213,RESOLVED
shallow_water_2d,constant_mean_target,Mean-target control,3,0.00044666032772511244,0.0,0.0052330270409584045,6.098110679886304e-05,1.0023915767669678,-6.623545600881187e-10,14.55942293434074,RESOLVED
synthetic,ga_nrl_geometry_router,NRGD (response geometry),3,0.002155989563713471,0.0001582931574599258,0.008852580562233925,0.0004925654599598298,0.5335043867429098,0.08152336130539577,1.0,RESOLVED
synthetic,input_only_simplex_router,Raw-input control,3,0.004848080532004436,5.580349950818609e-05,0.01973511278629303,0.0023147205356508493,2.5071054299672446,-0.0035219991890092692,2.2486567716283905,RESOLVED
synthetic,random_geometry_router,Random-projector control,3,0.004781369275103013,0.00014094606303779731,0.018645175422231357,0.0025110201289256415,2.7197202841440835,-0.013457678646470109,2.2177144804298563,RESOLVED
synthetic,scalar_capacity_uniform_router,Intensity-only control,3,0.02299525464574496,0.00035629356211811235,0.018515096977353096,0.09877423693736394,319.28139241536456,0.007146096584619954,10.665754154272431,RESOLVED
synthetic,constant_mean_target,Mean-target control,3,0.004722802434116602,0.0,0.019054096192121506,0.0009285259293392301,1.0056991577148438,2.5611430487515463e-07,2.1905497659191164,RESOLVED
