allocation_mse,benchmark,capacity_mse,captured_mass,centers,directions_per_center,mean_capacity,method,mode_fraction_correlations,mode_fraction_mean_correlation,mode_fraction_mse,mode_fraction_normalized_mse,mode_fraction_r2,partition,population,predicted_simplex_error,r90,rank,rank_cap,rank_floor,seed,selected_scale,status,target_conservation_error
0.004712816793471575,synthetic,0.019006043672561646,0.9999999999999969,1024,12,0.4744744300842285,constant_validation_mean_oracle,"[9.616375962195889e-08, -6.964638998852024e-08, 0.0, 0.0, 0.0, 1.3681071777682519e-06]",2.3243741509304527e-07,0.0009241969673894346,1.0010104179382324,-0.0010104179382324219,validation_mean_evaluated_on_validation,nominal,5.960464477539063e-08,5,5,5,5,0,0.02,AUDIT_ONLY,2.220446049250313e-16
0.004712816793471575,synthetic,0.019006043672561646,0.9999999999999969,1024,12,0.4744744300842285,constant_validation_mean_oracle,"[9.616375962195889e-08, -6.964638998852024e-08, 0.0, 0.0, 0.0, 1.3681071777682519e-06]",2.3243741509304527e-07,0.0009241969673894346,1.0010104179382324,-0.0010104179382324219,validation_mean_evaluated_on_validation,nominal,5.960464477539063e-08,5,5,5,5,1,0.02,AUDIT_ONLY,2.220446049250313e-16
0.004712816793471575,synthetic,0.019006043672561646,0.9999999999999969,1024,12,0.4744744300842285,constant_validation_mean_oracle,"[9.616375962195889e-08, -6.964638998852024e-08, 0.0, 0.0, 0.0, 1.3681071777682519e-06]",2.3243741509304527e-07,0.0009241969673894346,1.0010104179382324,-0.0010104179382324219,validation_mean_evaluated_on_validation,nominal,5.960464477539063e-08,5,5,5,5,2,0.02,AUDIT_ONLY,2.220446049250313e-16
0.002153838751837611,ieee118_rich,0.010559845715761185,0.9506251567548513,1024,12,0.4652612805366516,constant_validation_mean_oracle,"[1.1760885598732784e-07, 2.5990404495246366e-08, 0.0, 0.0, -5.5453309499853276e-08, 0.0, -5.342599251889624e-07]",-6.373056748998351e-08,0.00041167045128531754,1.0032408237457275,-0.00324094295501709,validation_mean_evaluated_on_validation,nominal,1.1920928955078125e-07,5,6,6,6,0,0.02,AUDIT_ONLY,2.220446049250313e-16
0.002153838751837611,ieee118_rich,0.010559845715761185,0.9506251567548513,1024,12,0.4652612805366516,constant_validation_mean_oracle,"[1.1760885598732784e-07, 2.5990404495246366e-08, 0.0, 0.0, -5.5453309499853276e-08, 0.0, -5.342599251889624e-07]",-6.373056748998351e-08,0.00041167045128531754,1.0032408237457275,-0.00324094295501709,validation_mean_evaluated_on_validation,nominal,1.1920928955078125e-07,5,6,6,6,1,0.02,AUDIT_ONLY,2.220446049250313e-16
0.002153838751837611,ieee118_rich,0.010559845715761185,0.9506251567548513,1024,12,0.4652612805366516,constant_validation_mean_oracle,"[1.1760885598732784e-07, 2.5990404495246366e-08, 0.0, 0.0, -5.5453309499853276e-08, 0.0, -5.342599251889624e-07]",-6.373056748998351e-08,0.00041167045128531754,1.0032408237457275,-0.00324094295501709,validation_mean_evaluated_on_validation,nominal,1.1920928955078125e-07,5,6,6,6,2,0.02,AUDIT_ONLY,2.220446049250313e-16
0.0002653296396601945,coupled_duffing,0.001775388023816049,0.9130923145249098,1024,16,0.495595782995224,constant_validation_mean_oracle,"[4.0633256759292635e-08, 0.0, -8.351463520739344e-08, -1.8038758753391448e-07, 2.393993554505869e-07, 0.0, -1.1269190025586795e-07, -1.0580932041648339e-07, -8.771170456611799e-08, -3.4092973777433144e-08, -1.7749337644090701e-07, 2.818324063014188e-08, -5.937257085975034e-08]",-4.0989089455933936e-08,0.0005575058166868985,1.0002042055130005,-0.00020420551300048828,validation_mean_evaluated_on_validation,nominal,0.0,12,12,12,10,0,0.02,AUDIT_ONLY,3.3306690738754696e-16
0.0002653296396601945,coupled_duffing,0.001775388023816049,0.9130923145249098,1024,16,0.495595782995224,constant_validation_mean_oracle,"[4.0633256759292635e-08, 0.0, -8.351463520739344e-08, -1.8038758753391448e-07, 2.393993554505869e-07, 0.0, -1.1269190025586795e-07, -1.0580932041648339e-07, -8.771170456611799e-08, -3.4092973777433144e-08, -1.7749337644090701e-07, 2.818324063014188e-08, -5.937257085975034e-08]",-4.0989089455933936e-08,0.0005575058166868985,1.0002042055130005,-0.00020420551300048828,validation_mean_evaluated_on_validation,nominal,0.0,12,12,12,10,1,0.02,AUDIT_ONLY,3.3306690738754696e-16
0.0002653296396601945,coupled_duffing,0.001775388023816049,0.9130923145249098,1024,16,0.495595782995224,constant_validation_mean_oracle,"[4.0633256759292635e-08, 0.0, -8.351463520739344e-08, -1.8038758753391448e-07, 2.393993554505869e-07, 0.0, -1.1269190025586795e-07, -1.0580932041648339e-07, -8.771170456611799e-08, -3.4092973777433144e-08, -1.7749337644090701e-07, 2.818324063014188e-08, -5.937257085975034e-08]",-4.0989089455933936e-08,0.0005575058166868985,1.0002042055130005,-0.00020420551300048828,validation_mean_evaluated_on_validation,nominal,0.0,12,12,12,10,2,0.02,AUDIT_ONLY,3.3306690738754696e-16
0.0014933289494365454,allen_cahn_2d,0.014964723028242588,0.7693359773419108,1536,12,0.4653668701648712,constant_validation_mean_oracle,"[6.765650084616937e-08, 1.7206286884174915e-07, 0.0, 0.0, -1.0942876826902648e-07, 1.26193526739371e-07, -1.53600112184904e-07, 0.0, -1.7014611941590374e-08, 3.0027248953956587e-07, 5.4023342244136074e-08, -6.707240629566513e-08, -2.0165450109743688e-07, -3.691835814834121e-08, 1.271697215088352e-06]",9.374780773896418e-08,8.971626084530726e-05,1.0006897449493408,-0.0006897449493408203,validation_mean_evaluated_on_validation,nominal,5.960464477539063e-08,23,14,14,10,0,0.02,AUDIT_ONLY,2.220446049250313e-16
0.0014933289494365454,allen_cahn_2d,0.014964723028242588,0.7693359773419108,1536,12,0.4653668701648712,constant_validation_mean_oracle,"[6.765650084616937e-08, 1.7206286884174915e-07, 0.0, 0.0, -1.0942876826902648e-07, 1.26193526739371e-07, -1.53600112184904e-07, 0.0, -1.7014611941590374e-08, 3.0027248953956587e-07, 5.4023342244136074e-08, -6.707240629566513e-08, -2.0165450109743688e-07, -3.691835814834121e-08, 1.271697215088352e-06]",9.374780773896418e-08,8.971626084530726e-05,1.0006897449493408,-0.0006897449493408203,validation_mean_evaluated_on_validation,nominal,5.960464477539063e-08,23,14,14,10,1,0.02,AUDIT_ONLY,2.220446049250313e-16
0.0014933289494365454,allen_cahn_2d,0.014964723028242588,0.7693359773419108,1536,12,0.4653668701648712,constant_validation_mean_oracle,"[6.765650084616937e-08, 1.7206286884174915e-07, 0.0, 0.0, -1.0942876826902648e-07, 1.26193526739371e-07, -1.53600112184904e-07, 0.0, -1.7014611941590374e-08, 3.0027248953956587e-07, 5.4023342244136074e-08, -6.707240629566513e-08, -2.0165450109743688e-07, -3.691835814834121e-08, 1.271697215088352e-06]",9.374780773896418e-08,8.971626084530726e-05,1.0006897449493408,-0.0006897449493408203,validation_mean_evaluated_on_validation,nominal,5.960464477539063e-08,23,14,14,10,2,0.02,AUDIT_ONLY,2.220446049250313e-16
0.00044548013829626143,shallow_water_2d,0.005220589693635702,0.5676934018403362,1280,16,0.4881799519062042,constant_validation_mean_oracle,"[2.3199230980708307e-08, -2.5326326635877194e-07, -2.4300848622260673e-07, 2.405720636033948e-07, -2.968254477764276e-07, -1.4536533399223117e-07, 5.164883276620458e-08, 0.0, -1.8278421975992387e-07, 2.493490285360167e-07, 0.0, 0.0, 0.0, 0.0, 0.0, -7.072345198366747e-08, 0.0]",-3.6894178379043296e-08,6.090717579354532e-05,1.001176357269287,-0.0011763572692871094,validation_mean_evaluated_on_validation,nominal,0.0,44,16,16,12,0,0.02,AUDIT_ONLY,2.220446049250313e-16
0.00044548013829626143,shallow_water_2d,0.005220589693635702,0.5676934018403362,1280,16,0.4881799519062042,constant_validation_mean_oracle,"[2.3199230980708307e-08, -2.5326326635877194e-07, -2.4300848622260673e-07, 2.405720636033948e-07, -2.968254477764276e-07, -1.4536533399223117e-07, 5.164883276620458e-08, 0.0, -1.8278421975992387e-07, 2.493490285360167e-07, 0.0, 0.0, 0.0, 0.0, 0.0, -7.072345198366747e-08, 0.0]",-3.6894178379043296e-08,6.090717579354532e-05,1.001176357269287,-0.0011763572692871094,validation_mean_evaluated_on_validation,nominal,0.0,44,16,16,12,1,0.02,AUDIT_ONLY,2.220446049250313e-16
0.00044548013829626143,shallow_water_2d,0.005220589693635702,0.5676934018403362,1280,16,0.4881799519062042,constant_validation_mean_oracle,"[2.3199230980708307e-08, -2.5326326635877194e-07, -2.4300848622260673e-07, 2.405720636033948e-07, -2.968254477764276e-07, -1.4536533399223117e-07, 5.164883276620458e-08, 0.0, -1.8278421975992387e-07, 2.493490285360167e-07, 0.0, 0.0, 0.0, 0.0, 0.0, -7.072345198366747e-08, 0.0]",-3.6894178379043296e-08,6.090717579354532e-05,1.001176357269287,-0.0011763572692871094,validation_mean_evaluated_on_validation,nominal,0.0,44,16,16,12,2,0.02,AUDIT_ONLY,2.220446049250313e-16
