allocation_drift_to_max,basis_overlap_to_max,benchmark,captured_mass,center_count,directions_per_center,invalid_pair_rate,mean_capacity,num_pairs,r90,rank,status
0.0008077256247068,0.3073243093993381,allen_cahn_2d,0.3786713011402698,192,2,0.0,0.4687147467534817,384,50,14,RESOLVED
0.0003470786299189,0.3573660957190503,allen_cahn_2d,0.3269245446108913,192,4,0.0,0.4720857180723602,768,53,14,RESOLVED
0.0002120029836959,0.3907588161349876,allen_cahn_2d,0.3101622029589548,192,6,0.0,0.4733689442981603,1152,54,14,RESOLVED
0.0001312744541861,0.4183155245227943,allen_cahn_2d,0.2967855817189795,192,8,0.0,0.4739015147362987,1536,55,14,RESOLVED
6.838200777374599e-05,0.492195033822974,allen_cahn_2d,0.2829541554849287,192,12,0.0,0.4742642827589991,2304,56,14,RESOLVED
0.0005462345550282,0.3388893039189652,allen_cahn_2d,0.3263076851995555,384,2,0.0,0.4694085002319553,768,53,14,RESOLVED
0.0002417677626337,0.4052592351512153,allen_cahn_2d,0.2951558548592061,384,4,0.0,0.4717864193499397,1536,55,14,RESOLVED
0.0001437099684556,0.4448799719853581,allen_cahn_2d,0.2844324990410322,384,6,0.0,0.4731781659017209,2304,56,14,RESOLVED
8.404645274755428e-05,0.4931586137405307,allen_cahn_2d,0.2748472654587927,384,8,0.0,0.4736890079700356,3072,56,14,RESOLVED
3.683744668723692e-05,0.5558016938262383,allen_cahn_2d,0.264798799402611,384,12,0.0,0.4744070543112935,4608,56,14,RESOLVED
0.0004512989341782,0.3932633578876879,allen_cahn_2d,0.2948139357848102,768,2,0.0,0.4676755850301035,1536,55,14,RESOLVED
0.0001880104147363,0.5050269472940403,allen_cahn_2d,0.2726125984552093,768,4,0.0,0.4704334514131971,3072,56,14,RESOLVED
0.0001064784154162,0.548068167603516,allen_cahn_2d,0.264427953858012,768,6,0.0,0.4718076957153509,4608,56,14,RESOLVED
6.509734829120174e-05,0.600782277531205,allen_cahn_2d,0.2590305443138532,768,8,0.0,0.4722002243726068,6144,57,14,RESOLVED
2.6978782660047786e-05,0.6543036037868984,allen_cahn_2d,0.2526437540028106,768,12,0.0,0.4728371826879178,9216,57,14,RESOLVED
0.0003953717972338,0.4800788456761519,allen_cahn_2d,0.2737269500422104,1536,2,0.0,0.4680198740903677,3072,56,14,RESOLVED
0.0001694506012421,0.6149559763054634,allen_cahn_2d,0.2586272096117313,1536,4,0.0,0.4710219415822768,6144,57,14,RESOLVED
9.550580986701796e-05,0.7013310517976835,allen_cahn_2d,0.2529160984386833,1536,6,0.0,0.4722861645116698,9216,57,14,RESOLVED
5.2956976529450645e-05,0.805419875414743,allen_cahn_2d,0.2491245684160976,1536,8,0.0,0.4725495659024343,12288,57,14,RESOLVED
0.0,0.9999999999999986,allen_cahn_2d,0.2451210396803494,1536,12,0.0,0.473189649732374,18432,57,14,RESOLVED
0.0013510557320417,0.8361445816595895,coupled_duffing,0.8341516280743744,128,2,0.0,0.4927111568825174,256,14,12,RESOLVED
0.0006601534942779,0.794291201228,coupled_duffing,0.8093517949135666,128,4,0.0,0.49497001200139,512,14,12,RESOLVED
0.0005142457833944,0.8244600571520482,coupled_duffing,0.8039087770816425,128,6,0.0,0.4953437620767942,768,14,12,RESOLVED
0.0003372961927159,0.827299152313148,coupled_duffing,0.7909329056679479,128,10,0.0,0.4959174602813744,1280,15,12,RESOLVED
0.0001827561302094,0.9087577346404936,coupled_duffing,0.7847386815096744,128,16,0.0,0.4960907134673357,2048,15,12,RESOLVED
0.0012890935007249,0.7814447740933721,coupled_duffing,0.8057704746716965,256,2,0.0,0.4916762476934564,512,14,12,RESOLVED
0.0006811884667076,0.7972202795446242,coupled_duffing,0.7941714909889334,256,4,0.0,0.4941425857208041,1024,14,12,RESOLVED
0.0004987563226367,0.8093275198170747,coupled_duffing,0.7903771837540013,256,6,0.0,0.4947620894769318,1536,15,12,RESOLVED
0.0003039187533066,0.842142252876473,coupled_duffing,0.7839538639956619,256,10,0.0,0.4955756768051232,2560,15,12,RESOLVED
0.0001598340299684,0.9031439936284542,coupled_duffing,0.7784313471296176,256,16,0.0,0.4958573830764315,4096,15,12,RESOLVED
0.0012051438538546,0.8335644055052508,coupled_duffing,0.7923016575576493,512,2,0.0,0.4915061195569341,1024,14,12,RESOLVED
0.0006587966466888,0.8376494595831033,coupled_duffing,0.7806577396430554,512,4,0.0,0.4943359468535162,2048,15,12,RESOLVED
0.0004393208629423,0.8410732927952299,coupled_duffing,0.7797151685206176,512,6,0.0,0.4947235169593383,3072,15,12,RESOLVED
0.0002521944146826,0.8945128889226653,coupled_duffing,0.7765707249495922,512,10,0.0,0.4954914913164727,5120,15,12,RESOLVED
9.11566466244813e-05,0.9004890696256931,coupled_duffing,0.7737618066559945,512,16,0.0,0.4959149716065815,8192,15,12,RESOLVED
0.0012060696801266,0.8414681093018084,coupled_duffing,0.7841695578620734,1024,2,0.0,0.4919216516864049,2048,15,12,RESOLVED
0.0005655837263143,0.8707909720746967,coupled_duffing,0.7750456525435795,1024,4,0.0,0.494353152746797,4096,15,12,RESOLVED
0.0003510595056833,0.893338804773899,coupled_duffing,0.7730134226092297,1024,6,0.0,0.4949955216100253,6144,15,12,RESOLVED
0.0001871460702318,0.9625833027886184,coupled_duffing,0.7717846294493051,1024,10,0.0,0.4958188511629213,10240,15,12,RESOLVED
0.0,1.0000000000000004,coupled_duffing,0.7714915886920569,1024,16,0.0,0.4962141601311582,16384,15,12,RESOLVED
0.0057146327617677,0.2383534434850399,ieee118_rich,0.5169464382135271,24,2,0.0,0.4646029374151743,48,19,6,RESOLVED
0.0031015631404332,0.2706230386545167,ieee118_rich,0.3990059738759535,24,4,0.0,0.4773133755402693,96,24,6,RESOLVED
0.0015900739026735,0.3089070503042343,ieee118_rich,0.351307074968302,24,6,0.0,0.4823659803858969,144,26,6,RESOLVED
0.0010637635378825,0.2670450835670703,ieee118_rich,0.3154696402791057,24,8,0.0,0.4868002168046811,192,28,6,RESOLVED
0.0007505382868929,0.3031119386234617,ieee118_rich,0.3043036035055227,24,12,0.0,0.4834273405330644,288,29,6,RESOLVED
0.005408164175637,0.2595524426244607,ieee118_rich,0.4450745439001307,48,2,0.0,0.4415417736582907,96,24,6,RESOLVED
0.0034181108783589,0.289018435186681,ieee118_rich,0.3791315007377514,48,4,0.0,0.4536815537393728,192,27,6,RESOLVED
0.0018025174499951,0.3620139761817891,ieee118_rich,0.3319292626127254,48,6,0.0,0.4647954127101947,288,29,6,RESOLVED
0.0010556782811396,0.4090016105646983,ieee118_rich,0.302198706190509,48,8,0.0,0.4687205631871007,384,29,6,RESOLVED
0.0004537150280762,0.5194471052099668,ieee118_rich,0.2885707062846588,48,12,0.0,0.4689525417958007,576,30,6,RESOLVED
0.0041995320359829,0.3336304296388618,ieee118_rich,0.3881487134372016,96,2,0.0,0.4311836865131891,192,27,6,RESOLVED
0.001907038416514,0.3935098017005369,ieee118_rich,0.3232040758350451,96,4,0.0,0.4478799284081117,384,29,6,RESOLVED
0.0010141344535435,0.471341785840345,ieee118_rich,0.2923870947388958,96,6,0.0,0.4579166634763392,576,30,6,RESOLVED
0.0006602224652592,0.5641910612032425,ieee118_rich,0.2885487882317569,96,8,0.0,0.4560980426387528,768,30,6,RESOLVED
0.0001659100630284,0.6303776815212955,ieee118_rich,0.2682735348664485,96,12,0.0,0.4628545044425009,1152,31,6,RESOLVED
0.0028612033770223,0.4159612035806754,ieee118_rich,0.3204812827993938,192,2,0.0,0.4382328150240553,384,29,6,RESOLVED
0.0015046886409767,0.5098956622628142,ieee118_rich,0.2753345106479892,192,4,0.0,0.4498678771868644,768,30,6,RESOLVED
0.0008020336219319,0.6304309588799952,ieee118_rich,0.259830105238295,192,6,0.0,0.4571241245522265,1152,31,6,RESOLVED
0.0004336474261765,0.7822311357538335,ieee118_rich,0.2621939886056055,192,8,0.0,0.4541828083563686,1536,31,6,RESOLVED
0.0,0.9999999999999994,ieee118_rich,0.2424576686291809,192,12,0.0,0.4609164242344866,2304,31,6,RESOLVED
0.0005310908736481,0.315569010800547,shallow_water_2d,0.411894126449323,160,2,0.0,0.4878017572415936,320,50,16,RESOLVED
0.0002275022721984,0.3435773579588714,shallow_water_2d,0.3619931171540112,160,4,0.0,0.4890525617984024,640,53,16,RESOLVED
0.0001378040714128,0.3804191965779893,shallow_water_2d,0.3409133641673983,160,6,0.0,0.4898730760571647,960,54,16,RESOLVED
7.168016165017757e-05,0.4498206280929661,shallow_water_2d,0.3194759287129199,160,10,0.0,0.4902688979312234,1600,55,16,RESOLVED
3.846675771468218e-05,0.4688414906619933,shallow_water_2d,0.3053698783087207,160,16,0.0,0.4904199682738028,2560,56,16,RESOLVED
0.0003448669502427,0.353964538024953,shallow_water_2d,0.3626155168019022,320,2,0.0,0.4886245114078482,640,53,16,RESOLVED
0.0001537147656034,0.4069613423503606,shallow_water_2d,0.3280405638746413,320,4,0.0,0.4894742666718906,1280,55,16,RESOLVED
9.40188410930672e-05,0.4328289365502573,shallow_water_2d,0.3151715261393509,320,6,0.0,0.4900716659757882,1920,56,16,RESOLVED
5.119972487697035e-05,0.4581927082006823,shallow_water_2d,0.2987212528452865,320,10,0.0,0.4905412381590713,3200,56,16,RESOLVED
2.6203052418165054e-05,0.5407466248636843,shallow_water_2d,0.2892883639202384,320,16,0.0,0.4907769911347391,5120,57,16,RESOLVED
0.0002660105770161,0.4017911129567479,shallow_water_2d,0.3304348270283575,640,2,0.0,0.4891477308315491,1280,55,16,RESOLVED
0.0001190674376896,0.4817980752545285,shallow_water_2d,0.3071805341979953,640,4,0.0,0.490030652758348,2560,56,16,RESOLVED
7.558026402665445e-05,0.5036398622507893,shallow_water_2d,0.2977548135511881,640,6,0.0,0.4904632249547216,3840,56,16,RESOLVED
3.998708232204288e-05,0.5811643949576771,shallow_water_2d,0.2857324014444685,640,10,0.0,0.4909126989822116,6400,57,16,RESOLVED
1.918417320860105e-05,0.6536502633948953,shallow_water_2d,0.2792421303150241,640,16,0.0,0.4911178709385446,10240,57,16,RESOLVED
0.0002273619161297,0.4123639788643354,shallow_water_2d,0.3068423334411864,1280,2,0.0,0.4895632235608172,2560,56,16,RESOLVED
0.0001045877059582,0.5305101649215257,shallow_water_2d,0.2908390504015932,1280,4,0.0,0.4906143640366115,5120,57,16,RESOLVED
6.580112857388886e-05,0.61548703989858,shallow_water_2d,0.2840588685567956,1280,6,0.0,0.4909631866356255,7680,57,16,RESOLVED
3.2374397734551835e-05,0.753184056934083,shallow_water_2d,0.2759539900613739,1280,10,0.0,0.4913975878140453,12800,57,16,RESOLVED
0.0,1.0000000000000004,shallow_water_2d,0.2714878582092914,1280,16,0.0,0.491611190467409,20480,57,16,RESOLVED
0.0053625760513385,0.3185001215656974,synthetic,0.2537777690541624,96,2,0.0,0.4366276536126786,192,35,5,RESOLVED
0.0020704652619912,0.3982771596561453,synthetic,0.2065845063465176,96,4,0.0,0.4572058302790596,384,39,5,RESOLVED
0.0012131472387145,0.4723347059021231,synthetic,0.1905794029106208,96,6,0.0,0.4631172213189436,576,41,5,RESOLVED
0.0005597031168978,0.5157633654168499,synthetic,0.175664010286873,96,8,0.0,0.4668394881463296,768,41,5,RESOLVED
0.0001755684953705,0.5843442067671754,synthetic,0.1643759990296992,96,12,0.0,0.4676746464716134,1152,42,5,RESOLVED
0.0050131897980568,0.3121038626473457,synthetic,0.2066477230149437,192,2,0.0,0.4342498143740719,384,39,5,RESOLVED
0.0019090878737451,0.4375179986709034,synthetic,0.1731534049933175,192,4,0.0,0.4550034722823313,768,42,5,RESOLVED
0.0009648368101508,0.6012119386627088,synthetic,0.1630220784927444,192,6,0.0,0.462244185642662,1152,42,5,RESOLVED
0.0005311430553875,0.6842789270605578,synthetic,0.1551656886826695,192,8,0.0,0.4654537583333684,1536,43,5,RESOLVED
8.651904730085593e-05,0.7768529836961505,synthetic,0.1484053781370788,192,12,0.0,0.4685696709503976,2304,43,5,RESOLVED
0.0044381787901505,0.5361570912480235,synthetic,0.1738786622864125,384,2,0.0,0.4377081113806906,768,41,5,RESOLVED
0.0017115713575349,0.680998170951806,synthetic,0.1543354425544598,384,4,0.0,0.4569890739317945,1536,43,5,RESOLVED
0.0008756688710677,0.7986700950437288,synthetic,0.1509653868917582,384,6,0.0,0.4625590122755835,2304,43,5,RESOLVED
0.0004223092833357,0.8691497554553388,synthetic,0.1480360830528942,384,8,0.0,0.4644757977747449,3072,44,5,RESOLVED
6.261231029177971e-05,0.924149618478546,synthetic,0.1429923265035232,384,12,0.0,0.4672062527445617,4608,44,5,RESOLVED
0.0040851533048956,0.6367581686055794,synthetic,0.1582152939999336,768,2,0.0,0.4403838615146787,1536,43,5,RESOLVED
0.0015747389511833,0.8400439260508449,synthetic,0.1475597372916188,768,4,0.0,0.457832661662215,3072,44,5,RESOLVED
0.0007777563982011,0.9123952219505078,synthetic,0.1441471264891128,768,6,0.0,0.4640915090270365,4608,44,5,RESOLVED
0.0003635431605816,0.9598527805611384,synthetic,0.1419782309573363,768,8,0.0,0.4665621492420522,6144,44,5,RESOLVED
0.0,1.0000000000000004,synthetic,0.1387852964740062,768,12,0.0,0.4690445624006039,9216,44,5,RESOLVED
