benchmark,seed,method,allocation_mse,capacity_mse,mode_fraction_mse,mode_fraction_normalized_mse,mode_fraction_r2,mode_fraction_mean_correlation,status
synthetic,0,learned_modal_probe_router,2.0768895410583355e-05,7.049612031551078e-05,0.0006210219580680132,0.6678069233894348,0.3321930766105652,0.8741530776023865,RESOLVED
synthetic,1,learned_modal_probe_router,1.5949672160786577e-05,5.591420267592184e-05,0.0006164556834846735,0.6628966331481934,0.33710330724716187,0.8793585896492004,RESOLVED
synthetic,2,learned_modal_probe_router,2.180714363930747e-05,7.52312844269909e-05,0.0006238892092369497,0.670890212059021,0.3291098475456238,0.8694315552711487,RESOLVED
ieee118_rich,0,learned_modal_probe_router,1.954811523319222e-06,4.124120550841326e-06,4.690603418566752e-06,0.010301196947693825,0.9896988272666931,0.993899405002594,RESOLVED
ieee118_rich,1,learned_modal_probe_router,8.300632543978281e-06,1.2693365533777978e-05,1.873903784144204e-05,0.041153453290462494,0.9588465690612793,0.9762589335441589,RESOLVED
ieee118_rich,2,learned_modal_probe_router,1.518387421128864e-06,2.36139112530509e-06,4.038583483634284e-06,0.008869273588061333,0.9911307096481323,0.9948522448539734,RESOLVED
coupled_duffing,0,learned_modal_probe_router,1.9147395846630388e-07,3.986253318544186e-07,6.784451329622243e-07,0.0012662990484386683,0.9987336993217468,0.9993865489959717,RESOLVED
coupled_duffing,1,learned_modal_probe_router,1.4607317666559538e-07,2.3162296258760762e-07,5.595572361016821e-07,0.0010443980572745204,0.9989556074142456,0.9994789958000183,RESOLVED
coupled_duffing,2,learned_modal_probe_router,1.707101660031185e-07,4.5141928239900153e-07,5.854935238858161e-07,0.0010928073897957802,0.998907208442688,0.9994545578956604,RESOLVED
allen_cahn_2d,0,learned_modal_probe_router,8.444898185189231e-07,1.6222336398641346e-06,3.1511792712990427e-06,0.03002004697918892,0.9699799418449402,0.9776193499565125,RESOLVED
allen_cahn_2d,1,learned_modal_probe_router,7.697680644014326e-07,1.3767192967861774e-06,3.0677585982630262e-06,0.02922533079981804,0.9707746505737305,0.9779141545295715,RESOLVED
allen_cahn_2d,2,learned_modal_probe_router,8.797481996225542e-07,2.868044703063788e-06,2.9308016564755235e-06,0.027920596301555634,0.9720793962478638,0.9793254733085632,RESOLVED
shallow_water_2d,0,learned_modal_probe_router,6.508090564238955e-07,1.0382865411884268e-06,2.341961589991115e-06,0.037481289356946945,0.9625186920166016,0.9728800654411316,RESOLVED
shallow_water_2d,1,learned_modal_probe_router,6.206199714142713e-07,1.1996386319879093e-06,2.080732201648061e-06,0.03330051526427269,0.966699481010437,0.9752641320228577,RESOLVED
shallow_water_2d,2,learned_modal_probe_router,6.229259383871977e-07,1.2186415005999152e-06,2.0999875687266467e-06,0.033608682453632355,0.9663913249969482,0.9748060703277588,RESOLVED
