benchmark,invalid_pair_rate,reliable,scale,split_half_cosine,split_half_relative_error
synthetic,0.0,True,0.02,0.9989980308905483,0.044771319922741415
synthetic,0.0,True,0.01,0.9989980286070202,0.04477137087604765
synthetic,0.0,True,0.005,0.9989980280360847,0.04477138361555746
synthetic,0.0,True,0.0025,0.9989980278933465,0.0447713868005331
ieee118_rich,0.0,True,0.02,0.9986636757953021,0.0542195738820145
ieee118_rich,0.0,True,0.01,0.9986636878893813,0.05421934088217355
ieee118_rich,0.0,True,0.005,0.998663690912822,0.054219282633625854
ieee118_rich,0.0,True,0.0025,0.9986636916687355,0.054219268070265225
coupled_duffing,0.0,True,0.02,0.99745125393289,0.07160365849844892
coupled_duffing,0.0,True,0.01,0.9974512139893279,0.07160428239312255
coupled_duffing,0.0,True,0.005,0.9974512040017913,0.07160443839193843
coupled_duffing,0.0,True,0.0025,0.997451201504813,0.07160447739310377
allen_cahn_2d,0.0,True,0.02,0.999407261387729,0.03448365886243306
allen_cahn_2d,0.0,True,0.01,0.9994072617695575,0.03448364824885148
allen_cahn_2d,0.0,True,0.005,0.9994072618650168,0.03448364559538306
allen_cahn_2d,0.0,True,0.0025,0.9994072618888823,0.03448364493200384
shallow_water_2d,0.0,True,0.02,0.9985583111222643,0.05420630246918265
shallow_water_2d,0.0,True,0.01,0.9985583074501367,0.05420636655759556
shallow_water_2d,0.0,True,0.005,0.9985583065320998,0.05420638257977169
shallow_water_2d,0.0,True,0.0025,0.9985583063025911,0.05420638658530361
