allocation_mse,benchmark,capacity_mse,centers,input_dimension,method,mode_fraction_mean_correlation,mode_fraction_mse,mode_fraction_normalized_mse,mode_fraction_r2,seed,status,train_loss,validation_loss
1.3523463167075533e-05,synthetic,3.785490844165906e-05,1024,7,realized_geometry_input_oracle,0.8625385165214539,0.0006261728703975677,0.6782163977622986,0.3217836022377014,0,RESOLVED,3.5181154089514166e-05,0.0005252094706520438
1.3851425137545448e-05,synthetic,4.41200754721649e-05,1024,7,realized_geometry_input_oracle,0.8643665313720703,0.000628796813543886,0.681058406829834,0.31894153356552124,1,RESOLVED,3.771831325138919e-05,0.0005343336379155517
9.79369451670209e-06,synthetic,2.5933291908586398e-05,1024,7,realized_geometry_input_oracle,0.8670182824134827,0.0006102459155954421,0.6609656810760498,0.3390343189239502,2,RESOLVED,2.4529923393856734e-05,0.0004939422942698002
3.3445539884269238e-06,ieee118_rich,2.60612841884722e-06,1024,8,realized_geometry_input_oracle,0.9781258702278137,1.4719488717673812e-05,0.035871390253305435,0.9641286134719849,0,RESOLVED,1.5524285117862746e-05,2.067017339868471e-05
6.427085281757172e-06,ieee118_rich,5.049553237768123e-06,1024,8,realized_geometry_input_oracle,0.9764274954795837,1.9341274310136214e-05,0.04713468253612518,0.9528653025627136,1,RESOLVED,1.878166222013533e-05,3.081790418946184e-05
5.184323981666239e-06,ieee118_rich,3.5696466511581093e-06,1024,8,realized_geometry_input_oracle,0.9752907752990723,1.721409716992639e-05,0.04195075109601021,0.9580492377281189,2,RESOLVED,1.5030112081149127e-05,2.5968070985982195e-05
5.941894869465614e-07,coupled_duffing,4.5244533453114855e-07,1024,14,realized_geometry_input_oracle,0.9978573322296143,2.4175478756660596e-06,0.004337248858064413,0.9956627488136292,0,RESOLVED,1.665313220655662e-06,3.4641832371562487e-06
4.947494858242862e-07,coupled_duffing,3.719930248280434e-07,1024,14,realized_geometry_input_oracle,0.9982048273086548,2.0547422536765225e-06,0.003686350304633379,0.9963136315345764,1,RESOLVED,1.5971080529197934e-06,2.921482519013807e-06
6.013629558765388e-07,coupled_duffing,3.6870216035822523e-07,1024,14,realized_geometry_input_oracle,0.9976629018783569,2.5063043267437024e-06,0.004496484063565731,0.9955035448074341,2,RESOLVED,1.8882353742810665e-06,3.476369556665304e-06
1.8242061514683883e-06,allen_cahn_2d,2.596718104541651e-06,1536,16,realized_geometry_input_oracle,0.9386842846870422,8.913783858588431e-06,0.09942380338907242,0.9005761742591858,0,RESOLVED,1.1084486686741002e-05,1.3334702089196071e-05
1.714267568786454e-06,allen_cahn_2d,3.111130808974849e-06,1536,16,realized_geometry_input_oracle,0.9428050518035889,8.140456884575542e-06,0.09079816192388535,0.9092018604278564,1,RESOLVED,1.108412106987089e-05,1.2965857422386762e-05
1.8185169210482854e-06,allen_cahn_2d,4.094072210136801e-06,1536,16,realized_geometry_input_oracle,0.9464524984359741,7.6255591920926236e-06,0.08505502343177795,0.9149449467658997,2,RESOLVED,1.2084205081919208e-05,1.3538152416003868e-05
1.3038006727583706e-06,shallow_water_2d,1.1359678637745674e-06,1280,18,realized_geometry_input_oracle,0.9431875944137573,5.471668373502325e-06,0.08994185924530029,0.9100581407546997,0,RESOLVED,4.900640306004789e-06,7.911434295237996e-06
1.2605913752850029e-06,shallow_water_2d,1.5225160723275621e-06,1280,18,realized_geometry_input_oracle,0.947268009185791,5.0033136176352855e-06,0.0822431668639183,0.9177568554878235,1,RESOLVED,4.907791208097478e-06,7.786422429489903e-06
1.2893134453406674e-06,shallow_water_2d,9.28538042899163e-07,1280,18,realized_geometry_input_oracle,0.9462378025054932,5.188444447412621e-06,0.08528630435466766,0.9147136807441711,2,RESOLVED,4.374178843136178e-06,7.406296845147153e-06
