allocation_mse,benchmark,capacity_mse,method,mode_fraction_mean_correlation,mode_fraction_mse,mode_fraction_normalized_mse,mode_fraction_r2,seed,status,train_loss,validation_loss
0.0026584388688206673,synthetic,0.00973897147923708,geometry_supervised_router,0.01048832107335329,0.0016948409611359239,1.8357053995132446,-0.8357053995132446,0,RESOLVED,0.13672009110450745,0.18642324209213257
0.002625958062708378,synthetic,0.009805306792259216,geometry_supervised_router,0.01039041206240654,0.0018725674599409103,2.0282034873962402,-1.0282034873962402,1,RESOLVED,0.12865474820137024,0.17898918688297272
0.0026880560908466578,synthetic,0.010341496206820011,geometry_supervised_router,0.013716044835746288,0.001757834805175662,1.9039349555969238,-0.9039349555969238,2,RESOLVED,0.13496646285057068,0.17921851575374603
0.0010641295230016112,ieee118_rich,0.003601265838369727,geometry_supervised_router,0.05080202966928482,0.002315021585673094,5.641707420349121,-4.641707420349121,0,RESOLVED,0.08113840222358704,0.12541426718235016
0.0011917314259335399,ieee118_rich,0.003932834602892399,geometry_supervised_router,0.04654860496520996,0.0022845142520964146,5.567360877990723,-4.567361354827881,1,RESOLVED,0.08879397064447403,0.13909955322742462
0.0012088061776012182,ieee118_rich,0.003863978898152709,geometry_supervised_router,0.056227028369903564,0.0025359727442264557,6.1801652908325195,-5.1801652908325195,2,RESOLVED,0.13575822114944458,0.13012534379959106
0.0003009456559084356,coupled_duffing,0.0015269557479768991,geometry_supervised_router,-0.036059580743312836,0.0008063477580435574,1.4466438293457031,-0.4466438293457031,0,RESOLVED,0.026579605415463448,0.030158301815390587
0.000348935485817492,coupled_duffing,0.001596418209373951,geometry_supervised_router,-0.01788017526268959,0.0009934892877936363,1.7823888063430786,-0.7823888063430786,1,RESOLVED,0.028916997835040092,0.029795950278639793
0.00033189725945703685,coupled_duffing,0.0017351257847622037,geometry_supervised_router,-0.028176121413707733,0.0008666258654557168,1.554787039756775,-0.5547869205474854,2,RESOLVED,0.02780096046626568,0.030745143070816994
0.0003208198759239167,allen_cahn_2d,0.0009066215716302395,geometry_supervised_router,0.014304181560873985,0.0013199003878980875,14.722088813781738,-13.722088813781738,0,RESOLVED,0.01145181804895401,0.018621716648340225
0.00031586477416567504,allen_cahn_2d,0.0008384222164750099,geometry_supervised_router,0.018716124817728996,0.0012095100246369839,13.490801811218262,-12.490801811218262,1,RESOLVED,0.011332446709275246,0.017257489264011383
0.00041619548574090004,allen_cahn_2d,0.0008509588078595698,geometry_supervised_router,0.011748178862035275,0.0016862187767401338,18.807981491088867,-17.8079833984375,2,RESOLVED,0.013164443895220757,0.018110472708940506
0.0002448246523272246,shallow_water_2d,0.0003346094745211303,geometry_supervised_router,0.01413249596953392,0.0010359050938859582,17.027938842773438,-16.027938842773438,0,RESOLVED,0.004583160392940044,0.007665220648050308
0.0001692494988674298,shallow_water_2d,0.0002779255446512252,geometry_supervised_router,0.021976225078105927,0.0007084443932399154,11.645224571228027,-10.645224571228027,1,RESOLVED,0.0027402271516621113,0.007282935082912445
0.00019878808234352618,shallow_water_2d,0.00031653232872486115,geometry_supervised_router,0.010954981669783592,0.000783993280492723,12.887078285217285,-11.887077331542969,2,RESOLVED,0.003531909314915538,0.007683202158659697
