benchmark,seed,method,probe_count,allocation_mse,capacity_mse,mode_fraction_mse,mode_fraction_normalized_mse,mode_fraction_r2,mode_fraction_mean_correlation,status
synthetic,0,learned_modal_probe_router,6,0.0001010373598546721,0.00014018196088727564,0.0008830515434965491,0.9564452171325684,0.04355478286743164,0.2645466923713684,RESOLVED
synthetic,1,learned_modal_probe_router,6,0.00012171632261015475,0.00023143117141444236,0.0008799525676295161,0.953088641166687,0.04691129922866821,0.23526853322982788,RESOLVED
synthetic,2,learned_modal_probe_router,6,0.00011915676441276446,0.0002184717741329223,0.000862207671161741,0.9338688850402832,0.0661311149597168,0.246332049369812,RESOLVED
ieee118_rich,0,learned_modal_probe_router,7,0.00010509421554161236,0.00012125648936489597,0.00036170880775898695,0.88148432970047,0.11851567029953003,0.28091198205947876,RESOLVED
ieee118_rich,1,learned_modal_probe_router,7,0.00012099154992029071,0.0001890537387225777,0.00036801191163249314,0.8968449831008911,0.10315501689910889,0.2612335979938507,RESOLVED
ieee118_rich,2,learned_modal_probe_router,7,0.00010836226283572614,0.00012746771972160786,0.000364363775588572,0.8879544734954834,0.1120455265045166,0.27816733717918396,RESOLVED
coupled_duffing,0,learned_modal_probe_router,13,0.00021826603915542364,0.0011553865624591708,0.0005597706185653806,1.0042673349380493,-0.004267334938049316,0.13314901292324066,RESOLVED
coupled_duffing,1,learned_modal_probe_router,13,0.00023039363441057503,0.0013364995829761028,0.000552216952200979,0.9907155632972717,0.009284436702728271,0.15351034700870514,RESOLVED
coupled_duffing,2,learned_modal_probe_router,13,0.00021936994744464755,0.0011188574135303497,0.0005706530064344406,1.0237910747528076,-0.023791193962097168,0.1588703840970993,RESOLVED
allen_cahn_2d,0,learned_modal_probe_router,15,3.3810880267992616e-05,0.00013838543964084238,8.975484524853528e-05,1.0011200904846191,-0.0011202096939086914,0.16400936245918274,RESOLVED
allen_cahn_2d,1,learned_modal_probe_router,15,3.606827885960229e-05,0.00016160719678737223,9.078498260350898e-05,1.0126101970672607,-0.012610197067260742,0.13203926384449005,RESOLVED
allen_cahn_2d,2,learned_modal_probe_router,15,3.2564570574322715e-05,0.00012593698920682073,9.210863936459646e-05,1.0273741483688354,-0.02737414836883545,0.10057200491428375,RESOLVED
shallow_water_2d,0,learned_modal_probe_router,17,3.243196988478303e-05,0.0002258158929180354,5.5543307098560035e-05,0.9130064249038696,0.0869935154914856,0.11876629292964935,RESOLVED
shallow_water_2d,1,learned_modal_probe_router,17,3.426178591325879e-05,0.0002471704501658678,5.652054096572101e-05,0.9290699362754822,0.07093006372451782,0.10066814720630646,RESOLVED
shallow_water_2d,2,learned_modal_probe_router,17,3.1944913644110784e-05,0.00022637812071479857,5.627363862004131e-05,0.9250114560127258,0.07498854398727417,0.13214585185050964,RESOLVED
