benchmark,seed,method,allocation_mse,capacity_mse,mode_fraction_mse,mode_fraction_r2,mode_fraction_mean_correlation
synthetic,0,learned_modal_probe_router_matched_target,1.0544511042098748e-06,4.274389084457653e-06,0.0005879414966329932,0.3677656054496765,0.9010295867919922
synthetic,1,learned_modal_probe_router_matched_target,9.213866292157036e-07,3.735080781552824e-06,0.0005879409145563841,0.36776626110076904,0.9010295867919922
synthetic,2,learned_modal_probe_router_matched_target,1.212155211760546e-06,4.903904027742101e-06,0.0005879412055946887,0.36776602268218994,0.9010295867919922
ieee118_rich,0,learned_modal_probe_router_matched_target,1.082972644894653e-08,5.19044291991122e-08,8.0719629953066095e-16,1.0,1.0
ieee118_rich,1,learned_modal_probe_router_matched_target,1.543211602950123e-08,7.420509717803725e-08,8.04535716103776e-16,1.0,1.0
ieee118_rich,2,learned_modal_probe_router_matched_target,1.565754459420532e-08,7.51245252672561e-08,7.945739204297958e-16,1.0,1.0
coupled_duffing,0,learned_modal_probe_router_matched_target,8.045610400131409e-09,1.0138646899804371e-07,9.645583054646915e-17,1.0,1.0
coupled_duffing,1,learned_modal_probe_router_matched_target,9.114665466825045e-09,1.1487275486388171e-07,1.0566125888577578e-16,1.0,1.0
coupled_duffing,2,learned_modal_probe_router_matched_target,7.451178341000286e-09,9.384216070884577e-08,1.0897057690602893e-16,1.0,1.0
allen_cahn_2d,0,learned_modal_probe_router_matched_target,5.888707743650912e-09,5.910207079296015e-08,5.300135025689597e-16,1.0,1.0
allen_cahn_2d,1,learned_modal_probe_router_matched_target,1.1580584491355239e-08,1.1702478275310568e-07,6.106630034879491e-16,1.0,1.0
allen_cahn_2d,2,learned_modal_probe_router_matched_target,1.846503039359959e-08,1.865344927409751e-07,6.183751325935811e-16,1.0,1.0
shallow_water_2d,0,learned_modal_probe_router_matched_target,4.415210241859313e-08,5.162561365068541e-07,2.949542099395865e-16,1.0,1.0
shallow_water_2d,1,learned_modal_probe_router_matched_target,5.6104948242818864e-08,6.568766366399359e-07,2.8590297468390465e-16,1.0,1.0
shallow_water_2d,2,learned_modal_probe_router_matched_target,5.3554181533854717e-08,6.267424623729312e-07,2.8343331777728673e-16,1.0,1.0
