benchmark,variant,allocation_mse,capacity_mse,mode_fraction_mse,mode_fraction_r2,mode_fraction_mean_correlation
synthetic,base,0.002201345283538103,0.008713863169153532,0.0008742012626801928,0.05314066012700399,0.05590561404824257
synthetic,fraction_x3,0.002145356653879086,0.008784336348374685,0.0005303321522660553,0.42558997869491577,0.0791809360186259
synthetic,fraction_x10,0.002155989563713471,0.008852580562233925,0.0004925654599598298,0.4664955933888753,0.08152336130539577
synthetic,deep_x3,0.0019109005418916543,0.007751136086881161,0.0009333403431810439,-0.010913689931233725,0.029718341926733654
synthetic,deep_x10,0.002453262684866786,0.00999210961163044,0.0008266340785970291,0.10466132561365764,0.056720275431871414
ieee118_rich,base,0.0007692420816359421,0.0036428243232270083,0.0005717773650151988,-0.39342133204142254,0.009625274377564589
ieee118_rich,fraction_x3,0.0007369934270779291,0.003583052894100547,0.0005051674864565333,-0.23109312852223715,-0.0033447361396004758
ieee118_rich,fraction_x10,0.0007208053527089456,0.0035593684297055006,0.00047619215911254287,-0.16048030058542886,-0.021001350910713274
ieee118_rich,deep_x3,0.0007068872024926046,0.003552880914260944,0.0004282127386735131,-0.04355438550313314,-0.029895355304082234
ieee118_rich,deep_x10,0.0007567676366306841,0.003814767114818096,0.0004240329920624693,-0.03336834907531738,-0.0021203717527290187
coupled_duffing,base,0.00026966761409615475,0.0016106100908170144,0.0006311553879640996,-0.13233653704325357,-0.0029422738201295338
coupled_duffing,fraction_x3,0.0002600227599032223,0.0016180577610308926,0.0005884729131745795,-0.055761257807413735,-0.004262545766929786
coupled_duffing,fraction_x10,0.00025652623541342717,0.0016244429474075635,0.0005724276221978167,-0.026974916458129883,0.0033356808125972748
coupled_duffing,deep_x3,0.0002503819123376161,0.0015719345149894555,0.0005631372332572937,-0.0103072722752889,0.020444977718094986
coupled_duffing,deep_x10,0.0002491490449756384,0.001564623632778724,0.0005605481564998627,-0.005662282307942708,0.02137947641313076
allen_cahn_2d,base,8.517528476659209e-05,0.0008037304311680297,0.00011029317586993177,-0.23020346959431967,-0.008428970041374365
allen_cahn_2d,fraction_x3,8.340841304743662e-05,0.0008053851973575851,0.00010313121068368976,-0.1503192981084188,0.004586038490136464
allen_cahn_2d,fraction_x10,8.317715643594663e-05,0.0007985492896599075,0.000100871814841715,-0.12511813640594482,0.01103038115737339
allen_cahn_2d,deep_x3,7.772459503030404e-05,0.0007584272146535417,9.345202609741439e-05,-0.0423582394917806,0.003424946296339234
allen_cahn_2d,deep_x10,8.045499028715615e-05,0.000788387357412527,9.151688573183492e-05,-0.020773808161417644,-0.00020953818845252195
shallow_water_2d,base,3.225872327069131e-05,0.0002774578460957855,7.946312689455226e-05,-0.3061942259470622,-0.015476548112928867
shallow_water_2d,fraction_x3,3.091768182154434e-05,0.00027768308063969016,7.337502029258758e-05,-0.20611953735351562,-0.013795318237195412
shallow_water_2d,fraction_x10,3.132623775551716e-05,0.00027841519719610613,7.281542396716152e-05,-0.1969209909439087,-0.009309116983786225
shallow_water_2d,deep_x3,3.0383188156217027e-05,0.0002847865786558638,6.23901675377662e-05,-0.025553345680236816,0.006811093849440415
shallow_water_2d,deep_x10,3.067843620859397e-05,0.00029121242308368284,6.162384912992518e-05,-0.012956857681274414,0.02161634589234988
