benchmark,seed,method,allocation_mse,capacity_mse,mode_fraction_mse,mode_fraction_normalized_mse,mode_fraction_r2,mode_fraction_mean_correlation,validation_loss
synthetic,0,state_augmented_geometry_router,0.0030563529580831528,0.01257537305355072,0.0007923207595013082,0.8581734299659729,0.1418265700340271,0.07938624173402786,0.02206815406680107
synthetic,1,state_augmented_geometry_router,0.002589090494439006,0.010261213406920433,0.0007263259030878544,0.7866935133934021,0.2133064866065979,0.07015257328748703,0.018704650923609734
synthetic,2,state_augmented_geometry_router,0.0024871404748409986,0.010191586799919605,0.0007885464001446962,0.854085385799408,0.14591461420059204,0.08636222034692764,0.01907672919332981
ieee118_rich,0,state_augmented_geometry_router,0.0006419399869628251,0.003173931036144495,0.00045727999531663954,1.1143913269042969,-0.11439132690429688,0.050377342849969864,0.008388670161366463
ieee118_rich,1,state_augmented_geometry_router,0.0006371598574332893,0.0031915742438286543,0.0004533964965958148,1.1049271821975708,-0.1049271821975708,-0.015042553655803204,0.008362699300050735
ieee118_rich,2,state_augmented_geometry_router,0.0006427228217944503,0.0031983342487365007,0.0004507663834374398,1.098517656326294,-0.09851765632629395,0.01715405471622944,0.008348720148205757
coupled_duffing,0,state_augmented_geometry_router,0.00025289866607636213,0.0016147951828315854,0.0005595525726675987,1.0038762092590332,-0.0038760900497436523,0.013001673854887486,0.007463220506906509
coupled_duffing,1,state_augmented_geometry_router,0.0002473846252541989,0.0015400554984807968,0.000559824169613421,1.0043634176254272,-0.004363417625427246,-0.019186070188879967,0.007385681848973036
coupled_duffing,2,state_augmented_geometry_router,0.00024704515817575157,0.0015275314217433333,0.0005626503261737525,1.0094337463378906,-0.009433746337890625,-0.025144007056951523,0.007401079870760441
allen_cahn_2d,0,state_augmented_geometry_router,8.12056241557002e-05,0.0008030228200368583,9.13721087272279e-05,1.019158959388733,-0.01915895938873291,0.02055365964770317,0.0017979491967707872
allen_cahn_2d,1,state_augmented_geometry_router,8.218707807827741e-05,0.00081251171650365,9.206408867612481e-05,1.0268772840499878,-0.026877284049987793,-0.018473876640200615,0.0018153393175452948
allen_cahn_2d,2,state_augmented_geometry_router,7.966568955453113e-05,0.0007831683615222573,9.100637544179335e-05,1.0150796175003052,-0.015079617500305176,0.01058924850076437,0.0017728973180055618
shallow_water_2d,0,state_augmented_geometry_router,3.0323592000058852e-05,0.0002833958133123815,6.338817183859646e-05,1.0419583320617676,-0.04195821285247803,-0.0032844673842191696,0.0009476011618971825
shallow_water_2d,1,state_augmented_geometry_router,3.052074316656217e-05,0.00028460059547796845,6.156663584988564e-05,1.0120164155960083,-0.01201629638671875,0.025027304887771606,0.0009307877626270056
shallow_water_2d,2,state_augmented_geometry_router,3.211743023712188e-05,0.0003075929416809231,6.3227882492356e-05,1.0393234491348267,-0.03932344913482666,0.005349133163690567,0.0009719892404973507
