system,activation,method,model,seed,mse_std,residual_rms,residual_norm_mean,residual_norm_p95,residual_norm_max,high_nonlinearity_residual_mean,admissible_fraction
ieee118_acpf,relu,Original Baseline,pm_relu,0,2.666957725957129e-06,0.008295907271162743,0.008005181743270967,0.011887844980481605,0.026056620799496034,0.009130834844425109,1.0
ieee118_acpf,relu,Original Baseline,pm_relu,1,2.348772443105461e-06,0.007754912507225297,0.007492883985029864,0.010939350242829876,0.027976722790886487,0.008234152008650554,1.0
ieee118_acpf,relu,Original Baseline,pm_relu,2,2.746146784223724e-06,0.008865724427103618,0.008594192450759632,0.012593853381964365,0.021957398050094966,0.009807450642463661,1.0
ieee118_acpf,relu,Capacity Control,capacity_relu,0,2.523247679922704e-06,0.007353585876421401,0.007043245821679392,0.01080893062089082,0.02420875838885132,0.007937914293911068,1.0
ieee118_acpf,relu,Capacity Control,capacity_relu,1,2.2504292331622938e-06,0.007233469051761254,0.006926097817826283,0.010676464649768022,0.02146464979516569,0.007954337113024412,1.0
ieee118_acpf,relu,Capacity Control,capacity_relu,2,2.5850973230021038e-06,0.007763208638770006,0.007463216451734223,0.011239026191618227,0.023005889006276592,0.008628834193944064,1.0
ieee118_acpf,relu,Generic Geometry Control,generic_geometry_relu,0,2.6263420401990025e-06,0.007454417845309385,0.007148728014398076,0.011004783612047963,0.023377187028311874,0.008099043416391954,1.0
ieee118_acpf,relu,Generic Geometry Control,generic_geometry_relu,1,2.324221111961659e-06,0.007539652230224117,0.007210032091640949,0.011114512565335318,0.024408545653192986,0.008382557856018673,1.0
ieee118_acpf,relu,Generic Geometry Control,generic_geometry_relu,2,2.693000183435725e-06,0.008117413919289582,0.007801401086104822,0.011799606189860984,0.022723323296085538,0.00888222773981678,1.0
ieee118_acpf,relu,Full GA-NAR,ganar_relu,0,2.435015168216953e-06,0.007330968526131773,0.007026889319337126,0.010906015856041125,0.025815823617473338,0.008045894076576549,1.0
ieee118_acpf,relu,Full GA-NAR,ganar_relu,1,2.1718762167207374e-06,0.0069429429122797376,0.006660192768842828,0.010280409203395702,0.025401733489697768,0.0077151695596312814,1.0
ieee118_acpf,relu,Full GA-NAR,ganar_relu,2,2.5218779686747135e-06,0.007555316033109333,0.0072817114715530325,0.010759429896482988,0.021838543398743283,0.008399708419783224,1.0
ieee118_acpf,gelu,Original Baseline,pm_gelu,0,4.000618765376737e-06,0.01083688037487315,0.0104718459364918,0.015539174529947387,0.03243424542181802,0.011962774306889258,1.0
ieee118_acpf,gelu,Original Baseline,pm_gelu,1,3.913865054705018e-06,0.011039917240588705,0.010717405856108407,0.01570627507868453,0.02452530005083147,0.012236229978744564,1.0
ieee118_acpf,gelu,Original Baseline,pm_gelu,2,4.056136345819682e-06,0.011010866340943677,0.010655582571312685,0.015779513800027983,0.02545940597390583,0.012162854500681507,1.0
ieee118_acpf,gelu,Capacity Control,capacity_gelu,0,3.4962652448113e-06,0.00964712078828175,0.009254365331892432,0.01432249631677329,0.030911848235407723,0.01050641650047184,1.0
ieee118_acpf,gelu,Capacity Control,capacity_gelu,1,3.4228205703533414e-06,0.009436466837508786,0.009079902315081143,0.01387864731698178,0.022195816914464223,0.010350638170902045,1.0
ieee118_acpf,gelu,Capacity Control,capacity_gelu,2,3.570073103114271e-06,0.00968551598217112,0.009288081750562486,0.014311282689323801,0.025792823554999376,0.010395376111504926,1.0
ieee118_acpf,gelu,Generic Geometry Control,generic_geometry_gelu,0,3.6417464461830463e-06,0.009751567726125255,0.009347147878461196,0.014303129428768768,0.03219554628703774,0.010660556084797568,1.0
ieee118_acpf,gelu,Generic Geometry Control,generic_geometry_gelu,1,3.5827306280377075e-06,0.009642774218965252,0.00929092849050478,0.014213757502501234,0.022571404089310118,0.010674087576278954,1.0
ieee118_acpf,gelu,Generic Geometry Control,generic_geometry_gelu,2,3.7510321067761604e-06,0.009979413758605109,0.009584936535671095,0.014766260435547572,0.02377255497965473,0.01085820975379626,1.0
ieee118_acpf,gelu,Full GA-NAR,ganar_gelu,0,3.537529661845827e-06,0.009583727775889849,0.009173998317846944,0.014234660001154429,0.03244787139890242,0.010534200506621436,1.0
ieee118_acpf,gelu,Full GA-NAR,ganar_gelu,1,3.4548445979830574e-06,0.009680924202169532,0.00930974865035014,0.014317956294467754,0.024191202230805956,0.010753728194166286,1.0
ieee118_acpf,gelu,Full GA-NAR,ganar_gelu,2,3.594399386776857e-06,0.00989080167341184,0.009487623335674598,0.014445575323743201,0.02422525205235818,0.010902186758784285,1.0
ieee118_acpf,swiglu,Original Baseline,pm_swiglu,0,1.8277167739403538e-06,0.008660206655304889,0.008455015142090605,0.011872096001608792,0.017650975209965964,0.009323973305261008,1.0
ieee118_acpf,swiglu,Original Baseline,pm_swiglu,1,1.7401066494743687e-06,0.008806142078938862,0.008569145031496094,0.012304173799008111,0.020577768484297005,0.009669051387571091,1.0
ieee118_acpf,swiglu,Original Baseline,pm_swiglu,2,1.9070137479802453e-06,0.008809322665874302,0.008613330369559911,0.011977467982542898,0.016938521876039465,0.009581722412054322,1.0
ieee118_acpf,swiglu,Capacity Control,capacity_swiglu,0,1.5035579416622892e-06,0.00613681806389996,0.00593385924950391,0.008866679056212398,0.014900576819687776,0.006522976208508798,1.0
ieee118_acpf,swiglu,Capacity Control,capacity_swiglu,1,1.4116431830285044e-06,0.006787244070213769,0.006522379481784798,0.010008148024827086,0.021228628989409935,0.007228635592999065,1.0
ieee118_acpf,swiglu,Capacity Control,capacity_swiglu,2,1.5014904277265868e-06,0.0065854879647266815,0.006369178843914973,0.009480644339304362,0.013809117525396677,0.007087122627355457,1.0
ieee118_acpf,swiglu,Generic Geometry Control,generic_geometry_swiglu,0,1.5807063000873013e-06,0.006315640977774354,0.00610823662513328,0.00902335959335431,0.015929122804677228,0.00668728056201491,1.0
ieee118_acpf,swiglu,Generic Geometry Control,generic_geometry_swiglu,1,1.5064518417051037e-06,0.0073043423923819595,0.006987389383987039,0.011077996523718235,0.01827491625356235,0.007786480439365112,1.0
ieee118_acpf,swiglu,Generic Geometry Control,generic_geometry_swiglu,2,1.5681499561991017e-06,0.006852383980139957,0.006630016640484356,0.009862385582861302,0.01477167277691975,0.007414414187343061,1.0
ieee118_acpf,swiglu,Full GA-NAR,ganar_swiglu,0,1.4745676773197136e-06,0.006263172039695631,0.00606809387324388,0.008937052679498753,0.01642433772135446,0.006635051480650656,1.0
ieee118_acpf,swiglu,Full GA-NAR,ganar_swiglu,1,1.3801221410736265e-06,0.0067157844442522355,0.006476047341525037,0.009863627284680623,0.015105488083125207,0.007227499151979366,1.0
ieee118_acpf,swiglu,Full GA-NAR,ganar_swiglu,2,1.4741310317365578e-06,0.006490171315980798,0.0062696001568324465,0.009405220834417385,0.013282717835734729,0.007152099839379371,1.0
kuramoto64,relu,Original Baseline,pm_relu,0,0.018466439410335465,0.03768318765260541,0.03712321495831242,0.04910680774716963,0.07770003218904542,0.04036627709329406,1.0
kuramoto64,relu,Original Baseline,pm_relu,1,0.018611981284864125,0.03921680753445512,0.03886619510662956,0.047795794593031515,0.07011612511933812,0.04071725376432532,1.0
kuramoto64,relu,Original Baseline,pm_relu,2,0.01895398109586543,0.04201318154159888,0.04154007349493851,0.052788204717462935,0.06940841803438683,0.043736980857916,1.0
kuramoto64,relu,Capacity Control,capacity_relu,0,0.0010549516327099987,0.028471934454189905,0.027641144188513468,0.041413327337278996,0.06665179830947812,0.03140159090432715,1.0
kuramoto64,relu,Capacity Control,capacity_relu,1,0.0008706537216302628,0.024954690459740785,0.024210935716569373,0.036113231548652876,0.05542185081950506,0.027710471988563946,1.0
kuramoto64,relu,Capacity Control,capacity_relu,2,0.0010811893109770267,0.028036555966814213,0.027322192563576375,0.038934246096274855,0.05689679069170663,0.030968795168230586,1.0
kuramoto64,relu,Generic Geometry Control,generic_geometry_relu,0,0.0010023661556137363,0.027199711772607542,0.026364769716501167,0.03987787620681688,0.06303375052717687,0.030189912888087228,1.0
kuramoto64,relu,Generic Geometry Control,generic_geometry_relu,1,0.0008435035038312947,0.024108324950275387,0.023352824416718675,0.035435571663439976,0.05319841821099088,0.027037034105492283,1.0
kuramoto64,relu,Generic Geometry Control,generic_geometry_relu,2,0.0010144286201915582,0.026662785970668894,0.025885642685651425,0.03795992739106599,0.06069428579394034,0.029724586886160927,1.0
kuramoto64,relu,Full GA-NAR,ganar_relu,0,0.0010730647986699655,0.029019502626841633,0.028192004635280293,0.04178805041141262,0.06808508414747602,0.03198338551675049,1.0
kuramoto64,relu,Full GA-NAR,ganar_relu,1,0.0009185783752395628,0.025757580359922393,0.025028713180910715,0.03668645976894289,0.05720357884301824,0.02847768318538457,1.0
kuramoto64,relu,Full GA-NAR,ganar_relu,2,0.0011724819293313063,0.029250017574072473,0.02863977080923801,0.03958635992732831,0.05807359590637532,0.0321034937523645,1.0
kuramoto64,gelu,Original Baseline,pm_gelu,0,0.0003640843453139157,0.012131858320300797,0.011957466824358314,0.015486123173168557,0.023489737369830694,0.0132236711937409,1.0
kuramoto64,gelu,Original Baseline,pm_gelu,1,0.0003278749950886983,0.012287997560189284,0.012114051024927915,0.015660559418605464,0.02406466004205737,0.01335835185652732,1.0
kuramoto64,gelu,Original Baseline,pm_gelu,2,0.00028295141016451925,0.012169010571575066,0.011990572558557549,0.01587950266650517,0.02377910412306392,0.013069248247681568,1.0
kuramoto64,gelu,Capacity Control,capacity_gelu,0,0.00036093104032915336,0.012115168010341308,0.011939717331354049,0.015456865165835998,0.02396808142169024,0.013216658177570346,1.0
kuramoto64,gelu,Capacity Control,capacity_gelu,1,0.00032174081927608154,0.012221613342639137,0.012045084396057247,0.015556334403413594,0.02379404690150601,0.013306926935413532,1.0
kuramoto64,gelu,Capacity Control,capacity_gelu,2,0.00028115970308808586,0.012126934423267312,0.01194705278314968,0.015851504347608635,0.023565931003541294,0.013033098494441219,1.0
kuramoto64,gelu,Generic Geometry Control,generic_geometry_gelu,0,0.00036122828934636686,0.012118560557347743,0.011943890833737094,0.015547881882387716,0.023989849211436157,0.013235582521441186,1.0
kuramoto64,gelu,Generic Geometry Control,generic_geometry_gelu,1,0.00032170332717674745,0.012220212233654158,0.012043591170697561,0.015593310424551532,0.023811045815184947,0.013315555957140858,1.0
kuramoto64,gelu,Generic Geometry Control,generic_geometry_gelu,2,0.0002810739895550316,0.01213222250159143,0.011954061872176484,0.015763396929883232,0.023500839102425643,0.013030474353627695,1.0
kuramoto64,gelu,Full GA-NAR,ganar_gelu,0,0.0003586564045508736,0.012086152003148557,0.011910759749680842,0.015442451708662219,0.02388140939472614,0.013194498657851288,1.0
kuramoto64,gelu,Full GA-NAR,ganar_gelu,1,0.00031978340500114663,0.012199372112718281,0.01202318154494587,0.015584943679085111,0.02384669010237853,0.01329281221241924,1.0
kuramoto64,gelu,Full GA-NAR,ganar_gelu,2,0.00027864095194045195,0.012094789397865709,0.011916180220102882,0.015695821787542665,0.02354327086357303,0.012988562339338277,1.0
nonlinear_heat_fem,relu,Original Baseline,pm_relu,0,2.474619844839915e-06,4.3596473943405775e-05,4.141600436266458e-05,6.320922536074258e-05,0.00020254940977953265,5.2624838379527805e-05,1.0
nonlinear_heat_fem,relu,Original Baseline,pm_relu,1,2.3489199366025034e-06,4.1950032175223474e-05,3.9336546093589156e-05,6.388753166414274e-05,0.00023198619595815573,5.1235762288986884e-05,1.0
nonlinear_heat_fem,relu,Original Baseline,pm_relu,2,2.356547227732383e-06,4.154111851354282e-05,3.9582661663636805e-05,5.968780725173794e-05,0.00014814403988752396,4.995888852613576e-05,1.0
nonlinear_heat_fem,relu,Capacity Control,capacity_relu,0,1.4058393831691135e-06,3.7201192883578004e-05,3.471467055162973e-05,5.564165265264635e-05,0.00019762259835730752,4.3321923229829264e-05,1.0
nonlinear_heat_fem,relu,Capacity Control,capacity_relu,1,1.215360738371344e-06,3.539164821978814e-05,3.23732218215688e-05,5.583223038927221e-05,0.00022643079627444535,4.211440968568928e-05,1.0
nonlinear_heat_fem,relu,Capacity Control,capacity_relu,2,1.2439700194919267e-06,3.521975285205044e-05,3.290304214220395e-05,5.256352872690657e-05,0.00015146448065063257,4.120016804120176e-05,1.0
nonlinear_heat_fem,relu,Generic Geometry Control,generic_geometry_relu,0,1.408104163586389e-06,3.725831113824071e-05,3.476846402490498e-05,5.582381517170956e-05,0.00019819588792002488,4.34241535931462e-05,1.0
nonlinear_heat_fem,relu,Generic Geometry Control,generic_geometry_relu,1,1.2175124205498622e-06,3.541802258290454e-05,3.2395588251554005e-05,5.5956070311293094e-05,0.0002267231362264925,4.214960948944531e-05,1.0
nonlinear_heat_fem,relu,Generic Geometry Control,generic_geometry_relu,2,1.2473672778253198e-06,3.526634224838627e-05,3.2949695246810446e-05,5.314130172032021e-05,0.00015180179851371947,4.130086709690868e-05,1.0
nonlinear_heat_fem,relu,Full GA-NAR,ganar_relu,0,1.4015106123639267e-06,3.705037724550718e-05,3.457611858598352e-05,5.508716304073161e-05,0.0001982301699232534,4.352362968288073e-05,1.0
nonlinear_heat_fem,relu,Full GA-NAR,ganar_relu,1,1.207935653505915e-06,3.5173524755924495e-05,3.2213342957998126e-05,5.572511868840094e-05,0.0002293219178752085,4.208186281210804e-05,1.0
nonlinear_heat_fem,relu,Full GA-NAR,ganar_relu,2,1.2387317543695784e-06,3.504998303359649e-05,3.282896965098449e-05,5.125883232612663e-05,0.00015264296840813692,4.12694269321749e-05,1.0
nonlinear_heat_fem,softplus,Original Baseline,pm_softplus,0,4.523520311817733e-06,7.452884663842831e-05,7.246971602592276e-05,0.00010430324730948323,0.00017929379481301675,8.932599608093645e-05,1.0
nonlinear_heat_fem,softplus,Original Baseline,pm_softplus,1,4.398247331211914e-06,7.351461260699785e-05,7.154696815162976e-05,0.00010520438630523676,0.00017475254975225622,8.79712704658303e-05,1.0
nonlinear_heat_fem,softplus,Original Baseline,pm_softplus,2,4.461672009303194e-06,7.375781253123978e-05,7.186741914589062e-05,0.00010280085878966737,0.00017291095941910994,8.716484843243724e-05,1.0
nonlinear_heat_fem,softplus,Capacity Control,capacity_softplus,0,1.969735570812486e-06,5.0335226524020636e-05,4.6689328187025603e-05,8.333214926966677e-05,0.0001777199667112263,5.512017262825164e-05,1.0
nonlinear_heat_fem,softplus,Capacity Control,capacity_softplus,1,1.951100471155749e-06,4.9901114286222435e-05,4.660863627014548e-05,8.317822941647149e-05,0.00015177388583855796,5.491030766193638e-05,1.0
nonlinear_heat_fem,softplus,Capacity Control,capacity_softplus,2,1.9178363480530003e-06,4.949216376181918e-05,4.612978082531211e-05,8.257959254787326e-05,0.00016874969407228317,5.4467097453938445e-05,1.0
nonlinear_heat_fem,softplus,Generic Geometry Control,generic_geometry_softplus,0,1.9703233289850654e-06,5.0341877381791336e-05,4.67117654143554e-05,8.263788074397329e-05,0.00017776512269855529,5.514448395856118e-05,1.0
nonlinear_heat_fem,softplus,Generic Geometry Control,generic_geometry_softplus,1,1.9504021575260376e-06,4.988874645307797e-05,4.660267662477595e-05,8.258306459926266e-05,0.00015158719004533517,5.489964161655183e-05,1.0
nonlinear_heat_fem,softplus,Generic Geometry Control,generic_geometry_softplus,2,1.916051868369475e-06,4.946649992761095e-05,4.608613468409902e-05,8.22882853209474e-05,0.00016880514174494844,5.4381911222758984e-05,1.0
nonlinear_heat_fem,softplus,Full GA-NAR,ganar_softplus,0,4.386986646805455e-07,2.40951276270771e-05,2.2959439774472916e-05,3.644697966407538e-05,7.874793255132064e-05,2.8910080112004405e-05,1.0
nonlinear_heat_fem,softplus,Full GA-NAR,ganar_softplus,1,5.123840641822502e-07,2.5556641216908354e-05,2.4332972567627667e-05,3.9120277451208355e-05,7.017844114623526e-05,3.016854721928318e-05,1.0
nonlinear_heat_fem,softplus,Full GA-NAR,ganar_softplus,2,4.3066137068441216e-07,2.3818822829303e-05,2.2744777722089035e-05,3.674086956901266e-05,6.774976899881808e-05,2.8578261177290468e-05,1.0
