system,activation,method,model,seed,baseline_mse,method_mse,paired_mse_improvement,baseline_residual_norm_mean,method_residual_norm_mean,paired_physics_improvement
ieee118_acpf,relu,Capacity Control,capacity_relu,0,2.666957725957129e-06,2.523247679922704e-06,0.05388538582209797,0.008005181743270967,0.007043245821679392,0.12016415772198599
ieee118_acpf,relu,Capacity Control,capacity_relu,1,2.348772443105461e-06,2.2504292331622938e-06,0.04187004587517277,0.007492883985029864,0.006926097817826283,0.07564325943601562
ieee118_acpf,relu,Capacity Control,capacity_relu,2,2.746146784223724e-06,2.5850973230021038e-06,0.058645612880866234,0.008594192450759632,0.007463216451734223,0.13159770455517816
ieee118_acpf,relu,Generic Geometry Control,generic_geometry_relu,0,2.666957725957129e-06,2.6263420401990025e-06,0.015229219932066997,0.008005181743270967,0.007148728014398076,0.10698741844216261
ieee118_acpf,relu,Generic Geometry Control,generic_geometry_relu,1,2.348772443105461e-06,2.324221111961659e-06,0.0104528351462354,0.007492883985029864,0.007210032091640949,0.03774940249362307
ieee118_acpf,relu,Generic Geometry Control,generic_geometry_relu,2,2.746146784223724e-06,2.693000183435725e-06,0.019353153696415538,0.008594192450759632,0.007801401086104822,0.09224733669825315
ieee118_acpf,relu,Full GA-NAR,ganar_relu,0,2.666957725957129e-06,2.435015168216953e-06,0.08696896673041016,0.008005181743270967,0.007026889319337126,0.12220739707205013
ieee118_acpf,relu,Full GA-NAR,ganar_relu,1,2.348772443105461e-06,2.1718762167207374e-06,0.07531433149430089,0.007492883985029864,0.006660192768842828,0.111130936746209
ieee118_acpf,relu,Full GA-NAR,ganar_relu,2,2.746146784223724e-06,2.5218779686747135e-06,0.0816667254778249,0.008594192450759632,0.0072817114715530325,0.15271719672633002
ieee118_acpf,gelu,Capacity Control,capacity_gelu,0,4.000618765376737e-06,3.4962652448113e-06,0.1260688783771033,0.0104718459364918,0.009254365331892432,0.11626227238091305
ieee118_acpf,gelu,Capacity Control,capacity_gelu,1,3.913865054705018e-06,3.4228205703533414e-06,0.1254628040283024,0.010717405856108407,0.009079902315081143,0.15278916960058636
ieee118_acpf,gelu,Capacity Control,capacity_gelu,2,4.056136345819682e-06,3.570073103114271e-06,0.11983404926867307,0.010655582571312685,0.009288081750562486,0.12833656082135111
ieee118_acpf,gelu,Generic Geometry Control,generic_geometry_gelu,0,4.000618765376737e-06,3.6417464461830463e-06,0.08970420333462988,0.0104718459364918,0.009347147878461196,0.10740208219749567
ieee118_acpf,gelu,Generic Geometry Control,generic_geometry_gelu,1,3.913865054705018e-06,3.5827306280377075e-06,0.08460547873750535,0.010717405856108407,0.00929092849050478,0.1330991272286851
ieee118_acpf,gelu,Generic Geometry Control,generic_geometry_gelu,2,4.056136345819682e-06,3.7510321067761604e-06,0.07522041002343699,0.010655582571312685,0.009584936535671095,0.10047747539623213
ieee118_acpf,gelu,Full GA-NAR,ganar_gelu,0,4.000618765376737e-06,3.537529661845827e-06,0.11575436968368591,0.0104718459364918,0.009173998317846944,0.12393685187080308
ieee118_acpf,gelu,Full GA-NAR,ganar_gelu,1,3.913865054705018e-06,3.4548445979830574e-06,0.11728060377813829,0.010717405856108407,0.00930974865035014,0.13134309035763264
ieee118_acpf,gelu,Full GA-NAR,ganar_gelu,2,4.056136345819682e-06,3.594399386776857e-06,0.11383664642306676,0.010655582571312685,0.009487623335674598,0.10961007789311357
ieee118_acpf,swiglu,Capacity Control,capacity_swiglu,0,1.8277167739403538e-06,1.5035579416622892e-06,0.17735725627730287,0.008455015142090605,0.00593385924950391,0.29818466912447283
ieee118_acpf,swiglu,Capacity Control,capacity_swiglu,1,1.7401066494743687e-06,1.4116431830285044e-06,0.18876053749066632,0.008569145031496094,0.006522379481784798,0.2388529476614483
ieee118_acpf,swiglu,Capacity Control,capacity_swiglu,2,1.9070137479802453e-06,1.5014904277265868e-06,0.2126483464962725,0.008613330369559911,0.006369178843914973,0.2605439974270487
ieee118_acpf,swiglu,Generic Geometry Control,generic_geometry_swiglu,0,1.8277167739403538e-06,1.5807063000873013e-06,0.13514701915249452,0.008455015142090605,0.00610823662513328,0.2775605338983527
ieee118_acpf,swiglu,Generic Geometry Control,generic_geometry_swiglu,1,1.7401066494743687e-06,1.5064518417051037e-06,0.13427614212028025,0.008569145031496094,0.006987389383987039,0.1845873353403723
ieee118_acpf,swiglu,Generic Geometry Control,generic_geometry_swiglu,2,1.9070137479802453e-06,1.5681499561991017e-06,0.17769341838255792,0.008613330369559911,0.006630016640484356,0.23026096108942004
ieee118_acpf,swiglu,Full GA-NAR,ganar_swiglu,0,1.8277167739403538e-06,1.4745676773197136e-06,0.19321872056756914,0.008455015142090605,0.00606809387324388,0.28230833756455337
ieee118_acpf,swiglu,Full GA-NAR,ganar_swiglu,1,1.7401066494743687e-06,1.3801221410736265e-06,0.2068749685598191,0.008569145031496094,0.006476047341525037,0.2442598044819906
ieee118_acpf,swiglu,Full GA-NAR,ganar_swiglu,2,1.9070137479802453e-06,1.4741310317365578e-06,0.22699506844256462,0.008613330369559911,0.0062696001568324465,0.27210499448742437
kuramoto64,relu,Capacity Control,capacity_relu,0,0.018466439410335465,0.0010549516327099987,0.9428719522335447,0.03712321495831242,0.027641144188513468,0.25542159482811116
kuramoto64,relu,Capacity Control,capacity_relu,1,0.018611981284864125,0.0008706537216302628,0.953220793192055,0.03886619510662956,0.024210935716569373,0.37706956777871936
kuramoto64,relu,Capacity Control,capacity_relu,2,0.01895398109586543,0.0010811893109770267,0.9429571388982301,0.04154007349493851,0.027322192563576375,0.34226903650265633
kuramoto64,relu,Generic Geometry Control,generic_geometry_relu,0,0.018466439410335465,0.0010023661556137363,0.9457195762896923,0.03712321495831242,0.026364769716501167,0.2898037051449468
kuramoto64,relu,Generic Geometry Control,generic_geometry_relu,1,0.018611981284864125,0.0008435035038312947,0.9546795426601219,0.03886619510662956,0.023352824416718675,0.39914817098380456
kuramoto64,relu,Generic Geometry Control,generic_geometry_relu,2,0.01895398109586543,0.0010144286201915582,0.9464793905269409,0.04154007349493851,0.025885642685651425,0.37685130266306616
kuramoto64,relu,Full GA-NAR,ganar_relu,0,0.018466439410335465,0.0010730647986699655,0.9418910828002185,0.03712321495831242,0.028192004635280293,0.24058288952240378
kuramoto64,relu,Full GA-NAR,ganar_relu,1,0.018611981284864125,0.0009185783752395628,0.9506458575698988,0.03886619510662956,0.025028713180910715,0.3560287259340838
kuramoto64,relu,Full GA-NAR,ganar_relu,2,0.01895398109586543,0.0011724819293313063,0.9381405983576153,0.04154007349493851,0.02863977080923801,0.310550791087848
kuramoto64,gelu,Capacity Control,capacity_gelu,0,0.0003640843453139157,0.00036093104032915336,0.008660918892416304,0.011957466824358314,0.011939717331354049,0.0014843857202353216
kuramoto64,gelu,Capacity Control,capacity_gelu,1,0.0003278749950886983,0.00032174081927608154,0.018708885717123168,0.012114051024927915,0.012045084396057247,0.0056931103169988425
kuramoto64,gelu,Capacity Control,capacity_gelu,2,0.00028295141016451925,0.00028115970308808586,0.006332207623180299,0.011990572558557549,0.01194705278314968,0.0036294993583779324
kuramoto64,gelu,Generic Geometry Control,generic_geometry_gelu,0,0.0003640843453139157,0.00036122828934636686,0.00784448989446748,0.011957466824358314,0.011943890833737094,0.0011353567457586535
kuramoto64,gelu,Generic Geometry Control,generic_geometry_gelu,1,0.0003278749950886983,0.00032170332717674745,0.018823234477765755,0.012114051024927915,0.012043591170697561,0.005816374232316108
kuramoto64,gelu,Generic Geometry Control,generic_geometry_gelu,2,0.00028295141016451925,0.0002810739895550316,0.0066351343094420935,0.011990572558557549,0.011954061872176484,0.003044949371913649
kuramoto64,gelu,Full GA-NAR,ganar_gelu,0,0.0003640843453139157,0.0003586564045508736,0.014908470613758683,0.011957466824358314,0.011910759749680842,0.00390610113024328
kuramoto64,gelu,Full GA-NAR,ganar_gelu,1,0.0003278749950886983,0.00031978340500114663,0.024678887407570405,0.012114051024927915,0.01202318154494587,0.007501163714355808
kuramoto64,gelu,Full GA-NAR,ganar_gelu,2,0.00028295141016451925,0.00027864095194045195,0.015233916740549283,0.011990572558557549,0.011916180220102882,0.006204235710293379
nonlinear_heat_fem,relu,Capacity Control,capacity_relu,0,2.474619844839915e-06,1.4058393831691135e-06,0.43189682807216867,4.141600436266458e-05,3.471467055162973e-05,0.16180541590525618
nonlinear_heat_fem,relu,Capacity Control,capacity_relu,1,2.3489199366025034e-06,1.215360738371344e-06,0.4825874141418155,3.9336546093589156e-05,3.23732218215688e-05,0.17701920894257664
nonlinear_heat_fem,relu,Capacity Control,capacity_relu,2,2.356547227732383e-06,1.2439700194919267e-06,0.47212175302382864,3.9582661663636805e-05,3.290304214220395e-05,0.16875114610014172
nonlinear_heat_fem,relu,Generic Geometry Control,generic_geometry_relu,0,2.474619844839915e-06,1.408104163586389e-06,0.4309816247038622,4.141600436266458e-05,3.476846402490498e-05,0.16050655875804817
nonlinear_heat_fem,relu,Generic Geometry Control,generic_geometry_relu,1,2.3489199366025034e-06,1.2175124205498622e-06,0.4816713836952306,3.9336546093589156e-05,3.2395588251554005e-05,0.17645061733486428
nonlinear_heat_fem,relu,Generic Geometry Control,generic_geometry_relu,2,2.356547227732383e-06,1.2473672778253198e-06,0.4706801276265468,3.9582661663636805e-05,3.2949695246810446e-05,0.16757252135269698
nonlinear_heat_fem,relu,Full GA-NAR,ganar_relu,0,2.474619844839915e-06,1.4015106123639267e-06,0.43364609506128343,4.141600436266458e-05,3.457611858598352e-05,0.16515078849197332
nonlinear_heat_fem,relu,Full GA-NAR,ganar_relu,1,2.3489199366025034e-06,1.207935653505915e-06,0.48574847755216266,3.9336546093589156e-05,3.2213342957998126e-05,0.1810835938326555
nonlinear_heat_fem,relu,Full GA-NAR,ganar_relu,2,2.356547227732383e-06,1.2387317543695784e-06,0.4743446090144506,3.9582661663636805e-05,3.282896965098449e-05,0.1706224828952494
nonlinear_heat_fem,softplus,Capacity Control,capacity_softplus,0,4.523520311817733e-06,1.969735570812486e-06,0.5645569302150504,7.246971602592276e-05,4.6689328187025603e-05,0.35574015261320174
nonlinear_heat_fem,softplus,Capacity Control,capacity_softplus,1,4.398247331211914e-06,1.951100471155749e-06,0.5563913704193316,7.154696815162976e-05,4.660863627014548e-05,0.3485588911137698
nonlinear_heat_fem,softplus,Capacity Control,capacity_softplus,2,4.461672009303194e-06,1.9178363480530003e-06,0.5701529955465013,7.186741914589062e-05,4.612978082531211e-05,0.3581266535859761
nonlinear_heat_fem,softplus,Generic Geometry Control,generic_geometry_softplus,0,4.523520311817733e-06,1.9703233289850654e-06,0.5644269964174627,7.246971602592276e-05,4.67117654143554e-05,0.35543054428906024
nonlinear_heat_fem,softplus,Generic Geometry Control,generic_geometry_softplus,1,4.398247331211914e-06,1.9504021575260376e-06,0.556550141306261,7.154696815162976e-05,4.660267662477595e-05,0.348642188079714
nonlinear_heat_fem,softplus,Generic Geometry Control,generic_geometry_softplus,2,4.461672009303194e-06,1.916051868369475e-06,0.5705529531587608,7.186741914589062e-05,4.608613468409902e-05,0.3587339683014869
nonlinear_heat_fem,softplus,Full GA-NAR,ganar_softplus,0,4.523520311817733e-06,4.386986646805455e-07,0.9030183055585179,7.246971602592276e-05,2.2959439774472916e-05,0.6831857355938828
nonlinear_heat_fem,softplus,Full GA-NAR,ganar_softplus,1,4.398247331211914e-06,5.123840641822502e-07,0.8835026714968607,7.154696815162976e-05,2.4332972567627667e-05,0.6599021147051444
nonlinear_heat_fem,softplus,Full GA-NAR,ganar_softplus,2,4.461672009303194e-06,4.3066137068441216e-07,0.903475340682501,7.186741914589062e-05,2.2744777722089035e-05,0.683517538372747
