system,activation,seed,baseline_mse,ganar_mse,delta_ga_minus_baseline,relative_improvement
ieee118_acpf,relu,0,2.666957725957129e-06,2.4416882143895887e-06,-2.2526951156754027e-07,0.0844668475150631
ieee118_acpf,relu,1,2.348772443105461e-06,2.1718898309946188e-06,-1.7688261211084229e-07,0.0753085351584654
ieee118_acpf,relu,2,2.746146784223724e-06,2.514206451956873e-06,-2.31940332266851e-07,0.08446028216675078
ieee118_acpf,gelu,0,4.000618765376737e-06,3.534981396045961e-06,-4.6563736933077586e-07,0.11639133760022918
ieee118_acpf,gelu,1,3.913865054705018e-06,3.4621935872105336e-06,-4.516714674944845e-07,0.11540292298823937
ieee118_acpf,gelu,2,4.056136345819682e-06,3.5995432686455753e-06,-4.5659307717410697e-07,0.11256847360288541
ieee118_acpf,silu,0,4.491292200428135e-06,3.966020593269978e-06,-5.25271607158157e-07,0.1169533363044349
ieee118_acpf,silu,1,4.271094959797996e-06,3.7353291096547447e-06,-5.357658501432515e-07,0.125439929382556
ieee118_acpf,silu,2,4.283013113690504e-06,3.723532709209829e-06,-5.594804044806746e-07,0.1306277589233418
ieee118_acpf,mish,0,3.681564818853198e-06,3.253667986507914e-06,-4.278968323452842e-07,0.11622689084653232
ieee118_acpf,mish,1,3.947157413355141e-06,3.49205412403682e-06,-4.55103289318321e-07,0.11529899663451136
ieee118_acpf,mish,2,3.7958416322525407e-06,3.360856408523152e-06,-4.349852237293889e-07,0.1145951980802894
ieee118_acpf,softplus,0,4.957606191347918e-06,4.746273431473718e-06,-2.1133275987419976e-07,0.0426279844984502
ieee118_acpf,softplus,1,4.516028870425746e-06,4.276735742983748e-06,-2.3929312744199845e-07,0.05298751055580369
ieee118_acpf,softplus,2,4.649971141316737e-06,4.4525885031313365e-06,-1.9738263818540018e-07,0.04244814261997917
ieee118_acpf,swiglu,0,1.8277167739403538e-06,1.4754261457102674e-06,-3.5229062823008643e-07,0.1927490261363565
ieee118_acpf,swiglu,1,1.7401066494743687e-06,1.3742650738839646e-06,-3.658415755904041e-07,0.21024089282166314
ieee118_acpf,swiglu,2,1.9070137479802453e-06,1.4772044723562205e-06,-4.298092756240248e-07,0.225383417439567
kuramoto64,relu,0,0.018466439410335465,0.0010731163038279702,-0.017393323106507496,0.9418882936779162
kuramoto64,relu,1,0.018611981284864125,0.0009185441138513142,-0.01769343717101281,0.9506476983942432
kuramoto64,relu,2,0.01895398109586543,0.0012089712970599904,-0.017745009798805438,0.9362154425001662
kuramoto64,gelu,0,0.0003640843453139157,0.00035865407318283005,-5.430272131085631e-06,0.014914873987244956
kuramoto64,gelu,1,0.0003278749950886983,0.00031979617228713124,-8.078822801567073e-06,0.024639947914849532
kuramoto64,gelu,2,0.00028295141016451925,0.00027864923810974693,-4.3021720547723125e-06,0.015204631962324761
kuramoto64,silu,0,0.00021687449980980125,0.00021334849819489287,-3.5260016149083818e-06,0.01625825820002205
kuramoto64,silu,1,0.0002329672852886576,0.00022769525817650725,-5.272027112150347e-06,0.02262990318841572
kuramoto64,silu,2,0.0002286982001839997,0.00022334116479687336,-5.357035387126331e-06,0.02342403824261107
kuramoto64,mish,0,0.00023675446101357014,0.00023296975490047603,-3.7847061130941054e-06,0.01598578585126291
kuramoto64,mish,1,0.00025457924285077606,0.00024924113438406034,-5.338108466715721e-06,0.020968357070040865
kuramoto64,mish,2,0.00024154765700777503,0.00023516036992238208,-6.3872870853929524e-06,0.026443175498023382
kuramoto64,softplus,0,0.00037951137444019794,0.00037493720705485063,-4.57416738534731e-06,0.012052780742328162
kuramoto64,softplus,1,0.0003934659896058279,0.00038882513709241514,-4.640852513412765e-06,0.011794799642179863
kuramoto64,softplus,2,0.00038849861977829713,0.00038218783882493896,-6.3107809533581734e-06,0.01624402412796092
kuramoto64,swiglu,0,0.023276782461034044,0.004623614575319847,-0.018653167885714195,0.8013636728761845
kuramoto64,swiglu,1,0.02441569205716587,0.0047087670378837985,-0.01970692501928207,0.8071417747709592
kuramoto64,swiglu,2,0.023118409116600534,0.0047928822871905735,-0.01832552682940996,0.7926811372263081
nonlinear_heat_fem,relu,0,2.474619844839915e-06,2.426039129181544e-06,-4.858071565837105e-08,0.019631587356608214
nonlinear_heat_fem,relu,1,2.3489199366025034e-06,2.2943225899643892e-06,-5.459734663811416e-08,0.023243596253469667
nonlinear_heat_fem,relu,2,2.356547227732383e-06,2.3050336162309723e-06,-5.151361150141067e-08,0.02185978320111169
nonlinear_heat_fem,gelu,0,4.427815088133357e-06,4.291778856094e-06,-1.3603623203935673e-07,0.030723105940881963
nonlinear_heat_fem,gelu,1,4.570995914059335e-06,4.465982316381882e-06,-1.0501359767745265e-07,0.022973898829017743
nonlinear_heat_fem,gelu,2,4.44654263480349e-06,4.335372256299224e-06,-1.1117037850426646e-07,0.02500153211938774
nonlinear_heat_fem,silu,0,4.1552632026658526e-06,4.040734251163475e-06,-1.145289515023778e-07,0.0275623819518582
nonlinear_heat_fem,silu,1,4.0475218988086406e-06,3.9353246323604665e-06,-1.1219726644817402e-07,0.027719989972431896
nonlinear_heat_fem,silu,2,4.329505242867187e-06,4.204538796653442e-06,-1.249664462137455e-07,0.028863909200624333
nonlinear_heat_fem,mish,0,4.509144946864749e-06,4.39657025512977e-06,-1.125746917349783e-07,0.024965862278002963
nonlinear_heat_fem,mish,1,4.866831796188855e-06,4.707207056787615e-06,-1.596247394012397e-07,0.032798491110015246
nonlinear_heat_fem,mish,2,4.570780678299395e-06,4.4021151310288335e-06,-1.686655472705612e-07,0.03690081829376135
nonlinear_heat_fem,softplus,0,4.523520311817733e-06,1.515391195364629e-06,-3.008129116453104e-06,0.6649973713159512
nonlinear_heat_fem,softplus,1,4.398247331211914e-06,1.5085177413314456e-06,-2.889729589880468e-06,0.6570184376339332
nonlinear_heat_fem,softplus,2,4.461672009303194e-06,1.4209448915298425e-06,-3.0407271177733516e-06,0.6815218849420175
nonlinear_heat_fem,swiglu,0,1.8370355335982168e-06,1.810944875909874e-06,-2.6090657688342746e-08,0.014202587381224334
nonlinear_heat_fem,swiglu,1,1.6932285556506506e-06,1.672290346355701e-06,-2.093820929494946e-08,0.01236584938582235
nonlinear_heat_fem,swiglu,2,1.6572317269273722e-06,1.6179063528358718e-06,-3.932537409150044e-08,0.023729556616932827
