system,system_label,activation,activation_label,baseline_residual_mean,ganar_residual_mean,baseline_residual_sd,ganar_residual_sd,residual_delta,residual_reduction,baseline_p95,ganar_p95,high_nonlinearity_baseline,high_nonlinearity_ganar,all_seeds_lower
ieee118_acpf,IEEE-118 AC power flow,relu,ReLU,0.008030752726353488,0.006949165347874713,0.0005510993472631488,0.0003613478818511522,-0.0010815873784787754,0.13468069748050757,0.011807016201758615,0.010537850158527491,0.009057479165179775,0.007920338513057797,True
ieee118_acpf,IEEE-118 AC power flow,gelu,GELU,0.010614944787970962,0.009266515224937141,0.00012772427571423227,0.0001581418824885897,-0.001348429563033822,0.12703123661668825,0.015674987802886634,0.014341532889666449,0.012120619595438442,0.010574193112265711,True
ieee118_acpf,IEEE-118 AC power flow,silu,SiLU,0.011393490114223777,0.009784096898743246,0.00026594537828005633,0.00046210577593911806,-0.0016093932154805334,0.14125550637651801,0.016872565149657993,0.015234176910001987,0.013504746082257843,0.011718019277752125,True
ieee118_acpf,IEEE-118 AC power flow,mish,Mish,0.010518909359223963,0.008951957548994575,0.00023801018090884949,0.00030889935670390975,-0.0015669518102293875,0.14896523553131844,0.015509952994242182,0.013866876339134094,0.012344262488765592,0.010733610273353,True
ieee118_acpf,IEEE-118 AC power flow,softplus,Softplus,0.009848571022496132,0.009574022324602536,7.061487981269112e-05,0.00013609297270260814,-0.00027454869789359713,0.02787700847833373,0.014941086727169659,0.014416083703403899,0.010551860045368115,0.010185222559142365,True
ieee118_acpf,IEEE-118 AC power flow,swiglu,SwiGLU,0.00854583018104887,0.006281074687573882,8.1692193633767e-05,0.00020281325723900653,-0.0022647554934749885,0.2650129297557635,0.012051245927719932,0.009325156990772077,0.009524915701628807,0.0069806685251175065,True
kuramoto64,Kuramoto-64,relu,ReLU,0.039176494519960164,0.027971538705189872,0.002224718887315134,0.0028399221231590914,-0.01120495581477029,0.2860122109460672,0.04989693568588802,0.040209220452146054,0.041606837238511794,0.031712828941951314,True
kuramoto64,Kuramoto-64,gelu,GELU,0.012020696802614592,0.011949552011815787,8.252427235069364e-05,6.427976028673636e-05,-7.114479079880533e-05,0.0059185246884632175,0.01567539508609306,0.015584262003086278,0.01321709043264993,0.013159719431924512,True
kuramoto64,Kuramoto-64,silu,SiLU,0.011691250024971178,0.011635204439276745,0.00010730862680704093,8.948729805657406e-05,-5.604558569443155e-05,0.004793806100692937,0.015148091549965145,0.015073299105227984,0.012895655623639835,0.012847794201667928,True
kuramoto64,Kuramoto-64,mish,Mish,0.011984104195615132,0.01189819556536409,2.3887492392430496e-05,3.2634134809141145e-05,-8.59086302510455e-05,0.007168548341099731,0.015589868961626162,0.015514240019378267,0.013140976010047033,0.013068662416469265,True
kuramoto64,Kuramoto-64,softplus,Softplus,0.012494950863902487,0.012427152159403806,7.089318531924827e-05,5.903458942613786e-05,-6.779870449868015e-05,0.00542608812448787,0.01667543395059551,0.01653125737954811,0.013712576135287919,0.013596761048062955,True
kuramoto64,Kuramoto-64,swiglu,SwiGLU,0.0682154586673532,0.06441920964783061,0.005765558195179805,0.005292175205191217,-0.0037962490195225817,0.05565086116381128,0.08692582144731871,0.08437173764329321,0.07097955465152662,0.06911725349285501,True
nonlinear_heat_fem,Nonlinear heat FEM,relu,ReLU,4.0111737373296844e-05,4.018128438247561e-05,1.1362119094256782e-06,1.1467354200398723e-06,6.954700917877049e-08,-0.0017338318839578552,6.226152142554108e-05,6.236096534537842e-05,5.1273163064883484e-05,5.135595501401606e-05,False
nonlinear_heat_fem,Nonlinear heat FEM,gelu,GELU,6.4654215142371e-05,6.430382744507055e-05,1.0143433389601178e-06,1.0140854200942292e-06,-3.503876973004421e-07,0.005419409956935984,0.00010807898118000921,0.00010829527422920512,8.342020007590343e-05,8.309543554190092e-05,True
nonlinear_heat_fem,Nonlinear heat FEM,silu,SiLU,6.236571038276024e-05,6.202955585125674e-05,9.842905080234106e-07,9.537586361169053e-07,-3.361545315035018e-07,0.005390053756148996,0.00010671682750465169,0.00010598017981376781,8.048034355224136e-05,8.011489617300206e-05,True
nonlinear_heat_fem,Nonlinear heat FEM,mish,Mish,6.529090811287581e-05,6.483631041526309e-05,8.680396428253412e-07,9.153215686419009e-07,-4.5459769761271824e-07,0.006962649329778169,0.00011149767376031512,0.00011157070487274839,8.474051703343118e-05,8.433558918561434e-05,True
nonlinear_heat_fem,Nonlinear heat FEM,softplus,Softplus,7.196136777448105e-05,0.00011685451203083824,4.6849297592234897e-07,3.317534800879829e-06,4.489314425635717e-05,-0.6238506249220739,0.00010410283080146246,0.00016695099458454666,8.815403832640132e-05,0.00014390153590246757,False
nonlinear_heat_fem,Nonlinear heat FEM,swiglu,SwiGLU,3.777392079277009e-05,3.786378984473273e-05,8.804108022146237e-07,8.779473532571804e-07,8.986905196263683e-08,-0.002379129570786897,5.9374223750838466e-05,5.9287044764614396e-05,4.6355121519535685e-05,4.6422177544245436e-05,False
