system,system_label,activation,activation_label,n_seeds,seeds,baseline_mean_mse,baseline_sd_mse,ganar_mean_mse,ganar_sd_mse,relative_improvement,all_seeds_win,baseline_params,ganar_trainable_params,ganar_total_params,protocol
ieee118_acpf,IEEE-118 AC power flow,relu,ReLU,3,0;1;2,2.5872923177621045e-06,2.1032480759994358e-07,2.37592816578036e-06,1.8038418789231496e-07,0.08141188828009309,True,300341,313009,1572960,ba5190a4490ba542db31e67bec5553cc181209bbe4e4e577d780b554632706e1
ieee118_acpf,IEEE-118 AC power flow,gelu,GELU,3,0;1;2,3.990206721967145e-06,7.170486772061426e-08,3.53223941730069e-06,6.871588304865548e-08,0.11478757806378466,True,300341,313009,1572960,ba5190a4490ba542db31e67bec5553cc181209bbe4e4e577d780b554632706e1
ieee118_acpf,IEEE-118 AC power flow,silu,SiLU,3,0;1;2,4.348466757972212e-06,1.238339245021292e-07,3.808294137378184e-06,1.367224009882934e-07,0.12434034153677757,True,300341,313009,1572960,ba5190a4490ba542db31e67bec5553cc181209bbe4e4e577d780b554632706e1
ieee118_acpf,IEEE-118 AC power flow,mish,Mish,3,0;1;2,3.8081879548202933e-06,1.33226049721061e-07,3.368859506355962e-06,1.1939440867427077e-07,0.11537369518711103,True,300341,313009,1572960,ba5190a4490ba542db31e67bec5553cc181209bbe4e4e577d780b554632706e1
ieee118_acpf,IEEE-118 AC power flow,softplus,Softplus,3,0;1;2,4.707868734363467e-06,2.2641053652304746e-07,4.491865892529601e-06,2.372202462198015e-07,0.046021212558077694,True,300341,313009,1572960,ba5190a4490ba542db31e67bec5553cc181209bbe4e4e577d780b554632706e1
ieee118_acpf,IEEE-118 AC power flow,swiglu,SwiGLU,3,0;1;2,1.8249457237983227e-06,8.34880465820098e-08,1.4422985639834844e-06,5.8925439690816015e-08,0.20945777879919555,True,432437,313009,2001504,ba5190a4490ba542db31e67bec5553cc181209bbe4e4e577d780b554632706e1
kuramoto64,Kuramoto-64,relu,ReLU,3,0;1;2,0.01867746726368834,0.00025028090987782827,0.001066877238246425,0.00014531407929422948,0.9429171448574419,True,280511,239687,1457034,ba5190a4490ba542db31e67bec5553cc181209bbe4e4e577d780b554632706e1
kuramoto64,Kuramoto-64,gelu,GELU,3,0;1;2,0.0003249702501890444,4.064439012567529e-05,0.0003190331611932361,4.0007874827524426e-05,0.018253151288139747,True,280511,239687,1457034,ba5190a4490ba542db31e67bec5553cc181209bbe4e4e577d780b554632706e1
kuramoto64,Kuramoto-64,silu,SiLU,3,0;1;2,0.00022617999509415287,8.336693215719309e-06,0.00022146164038942449,7.355735142809317e-06,0.020770733210349616,True,280511,239687,1457034,ba5190a4490ba542db31e67bec5553cc181209bbe4e4e577d780b554632706e1
kuramoto64,Kuramoto-64,mish,Mish,3,0;1;2,0.00024429378695737375,9.22424165777647e-06,0.00023912375306897282,8.830104871954337e-06,0.021132439473109055,True,280511,239687,1457034,ba5190a4490ba542db31e67bec5553cc181209bbe4e4e577d780b554632706e1
kuramoto64,Kuramoto-64,softplus,Softplus,3,0;1;2,0.00038715866127477433,7.073149065202837e-06,0.00038198339432406826,6.946221875777065e-06,0.013363868170822982,True,280511,239687,1457034,ba5190a4490ba542db31e67bec5553cc181209bbe4e4e577d780b554632706e1
kuramoto64,Kuramoto-64,swiglu,SwiGLU,3,0;1;2,0.02360362787826682,0.0007077123017476866,0.004708421300131406,8.463438557367138e-05,0.8003955282911507,True,412607,239687,1885578,ba5190a4490ba542db31e67bec5553cc181209bbe4e4e577d780b554632706e1
nonlinear_heat_fem,Nonlinear heat FEM,relu,ReLU,3,0;1;2,2.3933623363916003e-06,7.04743279635635e-08,2.3417984451256353e-06,7.315087941082071e-08,0.02157832227039652,True,334609,406010,1767393,ba5190a4490ba542db31e67bec5553cc181209bbe4e4e577d780b554632706e1
nonlinear_heat_fem,Nonlinear heat FEM,gelu,GELU,3,0;1;2,4.4817845456653945e-06,7.782468399621087e-08,4.364377809591702e-06,9.065154706578386e-08,0.026232845629762483,True,334609,406010,1767393,ba5190a4490ba542db31e67bec5553cc181209bbe4e4e577d780b554632706e1
nonlinear_heat_fem,Nonlinear heat FEM,silu,SiLU,3,0;1;2,4.17743011478056e-06,1.4229258791706632e-07,4.060199226725794e-06,1.3565850699171996e-07,0.028048760374971476,True,334609,406010,1767393,ba5190a4490ba542db31e67bec5553cc181209bbe4e4e577d780b554632706e1
nonlinear_heat_fem,Nonlinear heat FEM,mish,Mish,3,0;1;2,4.648919140450999e-06,1.9121763777281313e-07,4.50196414764874e-06,1.7776719389703353e-07,0.031555057227259854,True,334609,406010,1767393,ba5190a4490ba542db31e67bec5553cc181209bbe4e4e577d780b554632706e1
nonlinear_heat_fem,Nonlinear heat FEM,softplus,Softplus,3,0;1;2,4.4611465507776135e-06,6.263814331110934e-08,1.4816179427419725e-06,5.2656675266568685e-08,0.6678458979639673,True,334609,406010,1767393,ba5190a4490ba542db31e67bec5553cc181209bbe4e4e577d780b554632706e1
nonlinear_heat_fem,Nonlinear heat FEM,swiglu,SwiGLU,3,0;1;2,1.7291652720587465e-06,9.51364173856602e-08,1.7003805250338157e-06,9.953773882942253e-08,0.01676599779465984,True,466705,406010,2195937,ba5190a4490ba542db31e67bec5553cc181209bbe4e4e577d780b554632706e1
