system,system_label,model,seed,mse_std,mean_physical_residual,D_sub_pen,D_int,source_protocol
ieee118_acpf,IEEE-118 AC power flow,ganar,0,5.520781712893348e-07,0.005632154107897634,0.11706542851683144,0.3327401500321952,ganar-main-protocol
ieee118_acpf,IEEE-118 AC power flow,ganar,1,5.597121238284446e-07,0.0053961502162893195,0.13414707538462234,0.3384831124130495,ganar-main-protocol
ieee118_acpf,IEEE-118 AC power flow,ganar,2,5.278931236572341e-07,0.00488070823926342,0.1155828701413586,0.3237358366350521,ganar-main-protocol
ieee118_acpf,IEEE-118 AC power flow,pm_swiglu,0,5.958788813165824e-07,0.0058891151206609494,0.12140530350123413,0.23728804266385284,ganar-main-protocol
ieee118_acpf,IEEE-118 AC power flow,pm_swiglu,1,5.162008560653112e-07,0.0055573914920031145,0.07646747507165141,0.18434088908099044,ganar-main-protocol
ieee118_acpf,IEEE-118 AC power flow,pm_swiglu,2,4.923463460512073e-07,0.00492608388873974,0.09945311749579278,0.22011265113482942,ganar-main-protocol
kuramoto64,Kuramoto-64,ganar,0,0.022088437066358154,0.05841894826055218,0.8927962672584077,0.9266111242787916,ganar-main-protocol
kuramoto64,Kuramoto-64,ganar,1,0.022998088866386567,0.06631543292138702,0.7288886348756416,0.9402779405868447,ganar-main-protocol
kuramoto64,Kuramoto-64,ganar,2,0.02253368355988745,0.06361596942778056,0.7199864717966837,0.9473001790994255,ganar-main-protocol
kuramoto64,Kuramoto-64,pm_swiglu,0,0.02176636579123128,0.06336538343810505,0.9240323842274615,0.9623850410859043,ganar-main-protocol
kuramoto64,Kuramoto-64,pm_swiglu,1,0.021528595002784576,0.06224297973090587,0.7905560680263797,0.9665889434548489,ganar-main-protocol
kuramoto64,Kuramoto-64,pm_swiglu,2,0.021437121347072048,0.05866516971224869,0.7847090433560838,0.9896233883897465,ganar-main-protocol
nonlinear_heat_fem,Nonlinear heat FEM,ganar,0,8.875883129619531e-07,2.6671621996764392e-05,0.07369615962340426,0.16526508922587252,ganar-main-protocol
nonlinear_heat_fem,Nonlinear heat FEM,ganar,1,8.864299778788167e-07,2.727880765860339e-05,0.27968234222839916,0.23252548671995954,ganar-main-protocol
nonlinear_heat_fem,Nonlinear heat FEM,ganar,2,9.395326242249072e-07,2.7755450212258442e-05,0.13993434757633838,0.208477154375546,ganar-main-protocol
nonlinear_heat_fem,Nonlinear heat FEM,pm_swiglu,0,2.754986706696511e-06,4.5887025335117694e-05,0.012354687530353181,0.2349060919681103,ganar-main-protocol
nonlinear_heat_fem,Nonlinear heat FEM,pm_swiglu,1,8.189411407752854e-07,2.557357837252207e-05,0.00022431570151515423,0.01919851773747646,ganar-main-protocol
nonlinear_heat_fem,Nonlinear heat FEM,pm_swiglu,2,8.83398598749444e-07,2.6192651414071223e-05,0.0011877377908549036,0.017043283326186907,ganar-main-protocol
